Date,Symbol,Open,High,Low,Last,Close,Turnover,Trades
01-03-2021,ADANIENT,840.75,860.95,836.45,850,851.5,5.093E+14,77419
02-03-2021,ADANIENT,857.4,876.5,852.25,869.7,872.55,4.41412E+14,64705
03-03-2021,ADANIENT,880.45,944.9,872.85,916,915.35,1.06311E+15,162581
04-03-2021,ADANIENT,910,938.7,905.4,917,918.4,7.52782E+14,111078
05-03-2021,ADANIENT,918,934,888.3,911.2,909.9,6.4858E+14,103409
08-03-2021,ADANIENT,918.1,926.4,905.1,908.9,910.2,3.57165E+14,63631
09-03-2021,ADANIENT,918,928.4,893.6,900.9,905.2,5.07198E+14,79060
10-03-2021,ADANIENT,911,914.1,888.7,895.05,898.15,4.92479E+14,72031
12-03-2021,ADANIENT,905,923.8,889.3,892,894.1,5.49445E+14,83542
15-03-2021,ADANIENT,898.75,904,874.5,894.25,896.2,4.67415E+14,72245
16-03-2021,ADANIENT,900.7,904.4,888.05,898,897.8,2.29099E+14,38728
17-03-2021,ADANIENT,898,905.4,865,866.25,873.9,3.44071E+14,55924
18-03-2021,ADANIENT,876,891,857.75,874.8,871.05,3.91799E+14,56225
19-03-2021,ADANIENT,866,895.4,840.2,885.5,889.65,4.17466E+14,63473
22-03-2021,ADANIENT,892.9,1003,883.45,992.5,991.05,2.18234E+15,314562
23-03-2021,ADANIENT,999,1086.7,991.05,1060,1058.4,3.28932E+15,508458
24-03-2021,ADANIENT,1063,1093,1018.4,1020.35,1025.45,2.42541E+15,381907
25-03-2021,ADANIENT,1032.95,1041.45,977,981,981.55,1.31428E+15,213722
26-03-2021,ADANIENT,1000,1018.45,978,989.3,988.3,9.32525E+14,128071
30-03-2021,ADANIENT,1004,1042.45,988,1039.9,1031.55,1.06908E+15,144844
31-03-2021,ADANIENT,1038,1053.15,1016.6,1031,1031.15,6.65817E+14,101244
01-04-2021,ADANIENT,1043.4,1116.05,1035,1104.65,1107.2,1.37562E+15,216541
05-04-2021,ADANIENT,1127,1150,1098.85,1141,1138.25,1.78086E+15,298644
06-04-2021,ADANIENT,1153.4,1241,1142.5,1222.6,1225.4,2.58744E+15,357142
07-04-2021,ADANIENT,1233.4,1251.6,1108,1157.9,1165.55,2.71994E+15,456576
08-04-2021,ADANIENT,1162.5,1191,1137.75,1159.95,1162.5,1.44923E+15,255744
09-04-2021,ADANIENT,1163.4,1228,1151.2,1202.3,1201.4,1.54661E+15,264400
12-04-2021,ADANIENT,1177.4,1177.4,1061.4,1068,1074.4,1.51215E+15,290601
13-04-2021,ADANIENT,1077,1116.3,1051.05,1102,1106.35,1.32516E+15,257690
15-04-2021,ADANIENT,1095,1144.9,1081.35,1124,1129.95,1.04562E+15,187596
16-04-2021,ADANIENT,1130,1192,1112,1156.4,1159,1.24007E+15,196992
19-04-2021,ADANIENT,1100,1153,1089,1134,1136.35,9.68142E+14,155220
20-04-2021,ADANIENT,1156.85,1177.7,1125.05,1137,1142.75,9.54152E+14,143251
22-04-2021,ADANIENT,1134,1169,1123,1156.15,1157.8,8.19725E+14,118109
23-04-2021,ADANIENT,1161,1182.9,1145.65,1150.55,1157.6,7.19884E+14,108883
26-04-2021,ADANIENT,1160,1197.9,1160,1170.8,1173.35,8.21292E+14,127378
27-04-2021,ADANIENT,1184.7,1213.5,1181,1191.8,1191.15,8.51362E+14,118607
28-04-2021,ADANIENT,1207.95,1213.95,1180.75,1185,1185.2,6.00596E+14,76062
29-04-2021,ADANIENT,1196.55,1212.65,1178,1185.75,1182.3,4.86539E+14,73596
30-04-2021,ADANIENT,1171,1200.95,1143,1146,1158.7,4.98753E+14,66953
03-05-2021,ADANIENT,1145.1,1264.4,1122.65,1255.6,1255.55,1.37195E+15,236879
04-05-2021,ADANIENT,1285,1298.95,1241.85,1267,1262.5,1.30991E+15,196235
05-05-2021,ADANIENT,1274.4,1288.25,1240.25,1263.5,1267.5,9.85632E+14,161556
06-05-2021,ADANIENT,1272.35,1311.85,1263,1290.45,1286.75,8.02233E+14,117092
07-05-2021,ADANIENT,1305,1322.4,1290.45,1294.9,1298.9,5.9817E+14,89547
10-05-2021,ADANIENT,1294.9,1314,1286.3,1305,1304.1,5.06058E+14,68609
11-05-2021,ADANIENT,1292,1326,1284,1300,1303.5,6.19709E+14,88249
12-05-2021,ADANIENT,1311,1328.5,1278.6,1286.35,1285.8,5.4079E+14,77294
14-05-2021,ADANIENT,1300,1302,1213.35,1225.2,1220.35,7.91176E+14,147308
17-05-2021,ADANIENT,1230,1299,1227.45,1291,1289.1,9.94613E+14,145729
18-05-2021,ADANIENT,1314.95,1344.95,1302,1344.45,1326.7,8.58166E+14,102239
19-05-2021,ADANIENT,1350,1351.55,1283.9,1291.6,1294.7,1.30198E+15,124978
20-05-2021,ADANIENT,1301.3,1320,1283.95,1303,1302,7.61163E+14,73646
21-05-2021,ADANIENT,1320,1336,1300.05,1312.95,1315.1,1.0938E+15,108506
24-05-2021,ADANIENT,1321.7,1328.65,1303,1305,1306.8,1.04279E+15,73375
25-05-2021,ADANIENT,1314.35,1322,1272.9,1287.95,1282.75,4.80188E+14,63487
26-05-2021,ADANIENT,1288.95,1326.85,1254.25,1321.95,1322.8,7.33362E+14,101921
27-05-2021,ADANIENT,1329.5,1342,1304.25,1312.5,1325.8,4.86942E+15,148251
28-05-2021,ADANIENT,1311.6,1330.45,1298,1302,1302.6,3.90817E+14,58720
31-05-2021,ADANIENT,1307.05,1321.5,1292,1316.45,1316.3,3.53961E+14,55331
01-06-2021,ADANIENT,1319.9,1430,1309.05,1422.95,1416.25,1.37825E+15,226280
02-06-2021,ADANIENT,1425.55,1557,1413,1551.3,1546.75,3.69793E+15,519240
03-06-2021,ADANIENT,1564,1623.8,1553,1592.4,1583.1,3.04589E+15,433658
04-06-2021,ADANIENT,1605,1713.55,1585.8,1706,1700.95,3.49948E+15,462330
07-06-2021,ADANIENT,1715,1717.2,1613,1625,1624.3,2.53992E+15,352456
08-06-2021,ADANIENT,1633,1668,1602.45,1633,1636.45,2.0267E+15,269336
09-06-2021,ADANIENT,1640,1649.45,1571.85,1590.45,1594.65,1.87049E+15,249405
10-06-2021,ADANIENT,1612,1630,1591,1609.8,1612,8.62838E+14,114278
11-06-2021,ADANIENT,1615.1,1620.1,1575.25,1601,1601.6,8.56526E+14,113482
14-06-2021,ADANIENT,1441.45,1529.95,1201.2,1510.35,1501.45,5.97517E+15,1125572
15-06-2021,ADANIENT,1550.95,1572.6,1477.2,1525.8,1538.85,3.40553E+15,579380
16-06-2021,ADANIENT,1510,1538.2,1409.3,1427,1448.3,1.88663E+15,290100
17-06-2021,ADANIENT,1380,1436,1303.5,1356,1367.7,3.83854E+15,621898
18-06-2021,ADANIENT,1350,1504,1332.55,1495,1487.5,4.34218E+15,775906
21-06-2021,ADANIENT,1490,1582,1444.85,1531,1540,3.23652E+15,543336
22-06-2021,ADANIENT,1554.05,1582,1531.8,1542.1,1541.6,1.88668E+15,269773
23-06-2021,ADANIENT,1560.1,1569.95,1481.3,1499.7,1504.75,1.91871E+15,265370
24-06-2021,ADANIENT,1509.95,1519,1488.05,1515.35,1508.5,1.09213E+15,160280
25-06-2021,ADANIENT,1525,1534,1501,1516,1519.45,7.5342E+14,94791
28-06-2021,ADANIENT,1524.9,1565,1518.2,1523.3,1525.75,9.51476E+14,140628
29-06-2021,ADANIENT,1526,1548.7,1513,1523.6,1523.55,8.4973E+14,97242
30-06-2021,ADANIENT,1539,1539,1502.7,1507,1507.55,4.95879E+14,62996
01-07-2021,ADANIENT,1509.55,1522.55,1482.9,1492,1490.25,5.63965E+14,75052
02-07-2021,ADANIENT,1490.25,1507.7,1411.55,1424,1422.05,9.69094E+14,134469
05-07-2021,ADANIENT,1427,1443.95,1350.6,1396,1394.35,1.70281E+15,260649
06-07-2021,ADANIENT,1400.9,1444.15,1378.75,1419,1414.8,1.34537E+15,192093
07-07-2021,ADANIENT,1420,1437.1,1385,1426.7,1425.65,7.826E+14,111349
08-07-2021,ADANIENT,1420,1445,1411.8,1423,1425.9,5.56354E+14,76551
09-07-2021,ADANIENT,1425.9,1456.6,1416.45,1430.35,1431.35,6.45765E+14,86132
12-07-2021,ADANIENT,1442,1447,1414.15,1421,1420.7,3.65605E+14,48390
13-07-2021,ADANIENT,1433,1433,1385.2,1415.7,1417.7,5.85555E+14,80296
14-07-2021,ADANIENT,1449,1449,1397.8,1398.8,1402.05,5.46798E+14,73736
15-07-2021,ADANIENT,1399,1429,1393.4,1406,1407.95,3.84022E+14,56937
16-07-2021,ADANIENT,1409,1415,1388.25,1395.1,1395.5,2.98708E+14,40532
19-07-2021,ADANIENT,1390,1412.65,1332.75,1377.95,1380.6,8.49891E+14,120662
20-07-2021,ADANIENT,1340,1382.9,1336.1,1358.2,1365.7,6.16926E+14,92452
22-07-2021,ADANIENT,1375,1424.9,1340.5,1420.3,1416.75,6.93128E+14,100191
23-07-2021,ADANIENT,1430,1434.85,1386.2,1399.95,1401.65,6.60884E+14,98094
26-07-2021,ADANIENT,1399.8,1416.8,1392,1405.55,1403.9,2.88766E+14,46181
27-07-2021,ADANIENT,1403.9,1424.6,1378.15,1404,1396.75,4.16924E+14,54101
28-07-2021,ADANIENT,1406.85,1424.8,1378.6,1396.05,1399.9,4.47319E+14,67514
29-07-2021,ADANIENT,1413.95,1425,1397,1400,1400.25,3.5858E+14,38796
30-07-2021,ADANIENT,1409.5,1449.5,1400.25,1426.05,1420.25,6.28956E+14,68464
02-08-2021,ADANIENT,1435,1445,1424.1,1443.15,1438.2,3.56241E+14,46243
03-08-2021,ADANIENT,1467,1467,1422.2,1443,1442.8,6.40552E+14,85757
04-08-2021,ADANIENT,1460,1460,1423.05,1427.4,1429.55,4.81061E+14,60087
05-08-2021,ADANIENT,1428,1438,1407.4,1432.95,1432.35,2.99981E+14,37536
06-08-2021,ADANIENT,1422,1555,1422,1539,1536.65,2.15785E+15,244951
09-08-2021,ADANIENT,1546.7,1565,1482.5,1485.25,1493.4,9.16526E+14,121345
10-08-2021,ADANIENT,1488,1498.65,1426.05,1440.1,1446.5,5.2435E+14,72296
11-08-2021,ADANIENT,1455,1456.6,1407,1435.25,1437.05,4.57258E+14,59718
12-08-2021,ADANIENT,1443.6,1458,1430.25,1441.95,1442.9,3.54716E+14,41283
13-08-2021,ADANIENT,1445,1454,1428,1429,1437,3.02691E+14,34004
16-08-2021,ADANIENT,1431.5,1449.7,1413.55,1430.5,1430.1,2.73193E+14,40688
17-08-2021,ADANIENT,1431,1451,1416.2,1437.55,1441.65,4.40521E+14,58332
18-08-2021,ADANIENT,1441.9,1496.8,1432.6,1456,1460,6.93429E+14,88757
20-08-2021,ADANIENT,1438,1482.65,1411,1415.1,1430.1,7.15776E+14,71606
23-08-2021,ADANIENT,1415.05,1427.75,1361.55,1394,1396.7,6.8244E+14,95718
24-08-2021,ADANIENT,1407,1448.4,1390,1434,1437.8,4.77281E+14,51926
25-08-2021,ADANIENT,1444.25,1481.8,1425,1478,1475.35,7.82767E+14,98170
26-08-2021,ADANIENT,1482,1494.65,1460.4,1472,1475.7,6.91453E+14,79309
27-08-2021,ADANIENT,1475,1515,1474.1,1504.2,1506.05,7.73382E+14,88381
30-08-2021,ADANIENT,1513.75,1527,1493.3,1514.15,1516.55,4.75777E+14,46572
31-08-2021,ADANIENT,1517.3,1596.85,1512.8,1585,1587.6,1.13437E+15,134165
01-09-2021,ADANIENT,1594.9,1600.85,1561.5,1565,1565.2,4.82375E+14,54717
02-09-2021,ADANIENT,1571,1594.3,1565.5,1569.35,1570.55,3.42614E+14,38120
03-09-2021,ADANIENT,1578.5,1581.4,1551.55,1567,1565.55,2.64118E+14,36037
06-09-2021,ADANIENT,1572,1628.45,1566.05,1581.35,1582,8.91566E+14,115296
07-09-2021,ADANIENT,1585.1,1592.35,1553,1557,1558.1,2.58923E+14,35022
08-09-2021,ADANIENT,1559.9,1579,1538.25,1555,1555.95,3.2494E+14,42939
09-09-2021,ADANIENT,1561.6,1565.5,1535.05,1545.25,1545,1.92552E+14,29357
13-09-2021,ADANIENT,1548,1557,1525.25,1529,1532.45,2.70133E+14,31219
14-09-2021,ADANIENT,1539.9,1547.25,1497.05,1514,1513.2,1.08217E+15,60792
15-09-2021,ADANIENT,1524,1545.6,1496.9,1518,1516.8,1.93885E+15,74170
16-09-2021,ADANIENT,1523,1535,1499.75,1501.7,1503.2,1.14617E+15,47394
17-09-2021,ADANIENT,1503.2,1525,1465.75,1480.15,1480.25,4.97103E+14,61528
20-09-2021,ADANIENT,1464.9,1488.5,1409.95,1419.5,1418.85,3.29591E+14,49184
21-09-2021,ADANIENT,1420,1446.95,1381.35,1439,1441.45,3.8252E+14,54416
22-09-2021,ADANIENT,1435,1462.65,1424.35,1426.5,1437.75,2.40427E+14,35961
23-09-2021,ADANIENT,1453,1480,1441.1,1475.6,1474.35,2.3793E+14,39558
24-09-2021,ADANIENT,1483,1516,1455,1460,1461.7,4.0938E+14,67730
27-09-2021,ADANIENT,1462,1544,1462,1543.55,1531.25,7.14104E+14,91588
28-09-2021,ADANIENT,1557,1557.9,1475,1481.85,1487.3,5.35481E+14,81357
29-09-2021,ADANIENT,1466.3,1498,1464.3,1481.1,1485.65,2.61425E+14,48250
30-09-2021,ADANIENT,1484.7,1519,1463.35,1464,1468.1,3.08638E+14,47931
01-10-2021,ADANIENT,1465,1468.75,1422.65,1455,1458.7,3.34908E+14,52821
04-10-2021,ADANIENT,1471,1531,1460.1,1523.05,1526.65,4.81869E+14,60941
05-10-2021,ADANIENT,1515,1557.85,1512.35,1526.55,1527.65,3.91678E+14,56806
06-10-2021,ADANIENT,1529.8,1541,1472,1477.5,1479.55,2.67157E+14,41715
07-10-2021,ADANIENT,1502.85,1535.75,1490,1518.1,1520.75,2.91727E+14,42020
08-10-2021,ADANIENT,1522,1569.45,1511.45,1546.85,1547.9,4.08002E+14,50847
11-10-2021,ADANIENT,1553,1563.7,1532.15,1539,1539.75,2.95726E+14,33254
12-10-2021,ADANIENT,1539,1566.9,1514.5,1552,1554.45,2.93159E+14,40498
13-10-2021,ADANIENT,1568.45,1608.3,1551.3,1569.5,1569.7,6.19797E+14,78302
14-10-2021,ADANIENT,1580,1656,1574.8,1642.6,1646.35,8.54134E+14,117810
18-10-2021,ADANIENT,1672.95,1672.95,1608.55,1613.9,1615.5,6.17941E+14,84729
19-10-2021,ADANIENT,1625.2,1637,1562.05,1571.15,1569.45,2.91612E+14,53397
20-10-2021,ADANIENT,1574,1607.35,1539.1,1585,1589.7,4.37482E+14,68151
21-10-2021,ADANIENT,1601.95,1626.85,1581.7,1589.5,1595.05,5.01436E+14,57040
22-10-2021,ADANIENT,1595.05,1608.8,1537,1542,1543,4.07882E+14,52698
25-10-2021,ADANIENT,1545,1551.4,1494.05,1523,1532.2,3.47738E+14,43393
26-10-2021,ADANIENT,1532,1557.25,1520.9,1542,1543.85,2.57103E+14,31739
27-10-2021,ADANIENT,1548,1581.15,1540,1564,1566.55,3.32092E+14,32684
28-10-2021,ADANIENT,1550,1566.9,1367.7,1397.85,1398.55,1.02808E+15,162981
29-10-2021,ADANIENT,1400,1454.8,1377.75,1424,1423.6,4.49911E+14,90428
01-11-2021,ADANIENT,1436,1457,1411.2,1457,1445.3,2.21817E+14,40840
02-11-2021,ADANIENT,1455,1489,1452.8,1471.95,1472.8,2.45899E+14,34589
03-11-2021,ADANIENT,1474,1501,1464.45,1485.9,1485.9,2.5357E+14,34186
04-11-2021,ADANIENT,1495,1511.5,1483,1487,1489.45,4.06798E+13,7764
08-11-2021,ADANIENT,1495,1575.15,1485.65,1575,1568.25,3.95479E+14,55182
09-11-2021,ADANIENT,1555,1659,1554.95,1633,1635.45,7.63467E+14,110369
10-11-2021,ADANIENT,1625.55,1686,1620.4,1650.45,1655.85,6.18094E+14,91725
11-11-2021,ADANIENT,1650,1704,1640.85,1660,1664.9,7.48895E+14,100449
12-11-2021,ADANIENT,1678.3,1719.5,1670.1,1702,1705.2,9.08967E+14,106783
15-11-2021,ADANIENT,1713.75,1764,1691.8,1747.05,1749.55,6.8975E+14,89416
16-11-2021,ADANIENT,1759.45,1766.55,1706.9,1714,1711.6,3.77195E+14,59812
17-11-2021,ADANIENT,1714,1729.7,1682.5,1697.7,1706.45,2.52401E+14,45842
18-11-2021,ADANIENT,1708,1714,1640,1685.2,1688.75,3.82478E+14,44326
22-11-2021,ADANIENT,1691.4,1701.4,1610.05,1674,1675.75,4.26892E+14,58449
23-11-2021,ADANIENT,1660.15,1720.35,1650,1709,1707.95,4.205E+14,62066
24-11-2021,ADANIENT,1721.6,1788.9,1712.45,1747.95,1755.15,8.03679E+14,130117
25-11-2021,ADANIENT,1762.95,1773.7,1735.55,1768.95,1763.05,4.114E+14,74141
26-11-2021,ADANIENT,1740,1768.55,1660.85,1670,1669.55,6.01141E+14,84147
29-11-2021,ADANIENT,1655,1697,1609.85,1666.05,1665.05,3.52706E+14,60310
30-11-2021,ADANIENT,1668,1718.65,1648.15,1651.2,1662.85,4.96518E+14,71140
01-12-2021,ADANIENT,1694,1705,1652.35,1696,1693.3,4.16568E+14,71689
02-12-2021,ADANIENT,1692.5,1735,1687.65,1733,1732.25,3.69829E+14,53449
03-12-2021,ADANIENT,1734,1745,1701.1,1705.25,1708.1,2.65217E+14,44109
06-12-2021,ADANIENT,1710,1727.95,1640,1646,1645.6,2.64561E+14,47093
07-12-2021,ADANIENT,1658.9,1686.7,1654,1680,1678.45,2.46867E+14,48000
08-12-2021,ADANIENT,1679.8,1726.4,1679.05,1717.75,1715.5,2.40601E+14,41266
09-12-2021,ADANIENT,1725,1739.25,1706.6,1720,1722.25,2.25239E+14,41660
10-12-2021,ADANIENT,1710.6,1788,1710.6,1739.95,1740.4,4.75552E+14,86122
13-12-2021,ADANIENT,1755,1762.2,1711.1,1722.8,1719.55,1.91944E+14,39564
14-12-2021,ADANIENT,1712,1727.9,1683,1718,1720.1,2.04666E+14,38080
15-12-2021,ADANIENT,1720,1727,1687.05,1691.85,1695.3,1.47886E+14,29401
16-12-2021,ADANIENT,1707.3,1719.85,1687,1704,1702.05,1.27949E+14,26543
17-12-2021,ADANIENT,1698.95,1702,1640,1642,1645.3,2.01656E+14,40166
20-12-2021,ADANIENT,1629,1629,1555.2,1586,1589.95,3.0868E+14,64226
21-12-2021,ADANIENT,1621.1,1645.9,1602.9,1623,1620.5,2.53931E+14,53010
22-12-2021,ADANIENT,1631.25,1663.45,1627,1654,1658.1,1.63437E+14,29417
23-12-2021,ADANIENT,1674.7,1684.2,1658.2,1665,1676.2,1.63754E+14,26128
24-12-2021,ADANIENT,1680,1703.95,1658.2,1694.45,1698.2,2.0811E+14,30797
27-12-2021,ADANIENT,1694.75,1738,1686.05,1737,1730.2,2.87707E+14,38508
28-12-2021,ADANIENT,1740,1760,1728.1,1744.8,1751,2.70878E+14,35936
29-12-2021,ADANIENT,1751,1755,1709.4,1712.7,1718.05,1.91055E+14,22071
30-12-2021,ADANIENT,1714,1725,1685,1690,1696.4,2.32136E+14,27031
31-12-2021,ADANIENT,1694.95,1725,1691.05,1707,1709.45,2.24271E+14,22805
03-01-2022,ADANIENT,1713,1733,1711.2,1715,1717.15,1.88536E+14,20578
04-01-2022,ADANIENT,1725.75,1728,1700,1718,1719,2.04423E+14,20693
05-01-2022,ADANIENT,1722,1744.65,1702.55,1714,1715.45,2.7267E+14,35561
06-01-2022,ADANIENT,1710,1723.85,1675.6,1711,1713.1,2.74105E+14,33277
07-01-2022,ADANIENT,1719.9,1730.8,1689.5,1694.9,1699.1,2.21908E+14,29195
10-01-2022,ADANIENT,1707.55,1766,1699.1,1762.5,1752.6,2.89489E+14,34104
11-01-2022,ADANIENT,1758,1850,1737,1850,1843.9,9.22225E+14,132637
12-01-2022,ADANIENT,1873,1873,1808.3,1826.9,1830.1,4.62683E+14,78815
13-01-2022,ADANIENT,1834,1863,1808,1845,1853.35,3.46328E+14,52663
14-01-2022,ADANIENT,1850,1890.45,1831.1,1868.95,1870.25,4.40254E+14,58570
17-01-2022,ADANIENT,1876,1901.4,1855.65,1875,1877.8,3.19874E+14,48854
18-01-2022,ADANIENT,1885,1908.5,1830.05,1836,1840.95,4.31559E+14,68183
19-01-2022,ADANIENT,1839.8,1857,1811.25,1847.95,1849.3,2.83609E+14,41220
20-01-2022,ADANIENT,1855,1880.35,1843.7,1863,1865.85,2.3324E+14,35179
21-01-2022,ADANIENT,1860.85,1873,1810.75,1824.95,1828.35,3.55089E+14,50974
24-01-2022,ADANIENT,1822,1827.45,1696.55,1702,1715.8,4.16367E+14,60825
25-01-2022,ADANIENT,1668,1750.55,1668,1725,1741.4,3.15102E+14,44654
27-01-2022,ADANIENT,1718,1725.55,1654.5,1677,1686,6.02113E+14,63855
28-01-2022,ADANIENT,1702.5,1744.1,1683.95,1694,1693.7,2.78647E+14,48448
31-01-2022,ADANIENT,1708.95,1734,1705,1713,1714.95,1.76353E+14,27848
01-02-2022,ADANIENT,1727.95,1765.1,1699.15,1746,1746.9,2.73156E+14,36800
02-02-2022,ADANIENT,1755,1786,1747,1777.95,1779.35,2.48579E+14,31246
03-02-2022,ADANIENT,1771.95,1787,1746.4,1748.5,1751.85,1.04102E+14,19672
04-02-2022,ADANIENT,1758,1770,1733.7,1754.4,1757.3,1.50267E+14,22314
07-02-2022,ADANIENT,1765,1765.5,1722.1,1730,1731.8,1.49126E+14,27482
08-02-2022,ADANIENT,1739.4,1747,1677.05,1712,1716,2.54066E+14,38936
09-02-2022,ADANIENT,1724.6,1791.9,1718.1,1784,1783.15,2.95769E+14,44563
10-02-2022,ADANIENT,1799,1809,1766,1781,1786.1,3.12692E+14,44387
11-02-2022,ADANIENT,1764,1774.9,1743.35,1758.95,1764.3,2.10577E+14,34655
14-02-2022,ADANIENT,1736.3,1737.9,1653,1660,1663.95,3.26011E+14,52289
15-02-2022,ADANIENT,1636,1751.4,1627.85,1739.9,1744.25,3.82416E+14,63405
16-02-2022,ADANIENT,1744.25,1776,1730,1734,1738.1,2.92174E+14,38159
17-02-2022,ADANIENT,1750,1762,1724,1731,1730.95,1.88187E+14,27297
18-02-2022,ADANIENT,1739,1754.6,1725,1735.35,1736.3,1.64862E+14,23552
21-02-2022,ADANIENT,1738.8,1738.8,1671.3,1679,1685.2,2.46477E+14,37180
22-02-2022,ADANIENT,1636.1,1678.9,1630,1666,1667.7,2.84516E+14,46698
23-02-2022,ADANIENT,1682,1717.5,1670,1692,1688.7,2.18235E+14,34509
24-02-2022,ADANIENT,1626,1648.6,1528.8,1555,1543.95,4.46883E+14,88960
25-02-2022,ADANIENT,1594,1638.1,1578.8,1620,1618.7,2.81949E+14,44055
28-02-2022,ADANIENT,1603.75,1651.1,1592.25,1639,1644.45,3.04088E+14,40203
02-03-2022,ADANIENT,1638,1664.25,1615.5,1647,1641.8,2.05976E+14,30797
03-03-2022,ADANIENT,1670,1678.2,1634.95,1643.8,1643.8,2.21099E+14,35854
04-03-2022,ADANIENT,1621.8,1655.5,1601.2,1611,1615,2.33005E+14,35706
07-03-2022,ADANIENT,1590,1592,1539.3,1568.9,1564.05,2.36073E+14,41888
08-03-2022,ADANIENT,1574.9,1607.4,1553.4,1602,1601.6,2.21394E+14,38500
09-03-2022,ADANIENT,1609.6,1669.95,1608,1660,1656.55,2.45898E+14,38209
10-03-2022,ADANIENT,1682,1749.6,1678.25,1733,1742.85,3.95416E+14,57105
11-03-2022,ADANIENT,1750,1757,1721.2,1731,1734.1,2.35285E+14,37195
14-03-2022,ADANIENT,1732,1752.45,1722.45,1734,1736.1,1.14377E+14,24530
15-03-2022,ADANIENT,1740,1754.2,1686.65,1698.35,1701.4,1.87096E+14,36494
16-03-2022,ADANIENT,1724,1764,1718.65,1755.65,1758,2.22326E+14,38410
17-03-2022,ADANIENT,1775.6,1823.6,1760,1820,1819.65,4.30151E+14,50563
21-03-2022,ADANIENT,1836.05,1841.9,1796.15,1805,1802.95,1.95951E+14,28646
22-03-2022,ADANIENT,1802.95,1837,1790,1832,1831.55,1.75015E+14,28508
23-03-2022,ADANIENT,1848.05,1848.05,1800.85,1806.1,1811,2.83302E+14,29291
24-03-2022,ADANIENT,1815,1839.55,1800.15,1828,1832.8,1.8791E+14,24187
25-03-2022,ADANIENT,1835.55,1878,1822,1865.35,1867,2.53173E+14,31398
28-03-2022,ADANIENT,1876.9,1924.4,1851.05,1910,1909.7,3.58172E+14,54516
29-03-2022,ADANIENT,1919.25,1930.9,1885.5,1912.6,1917.25,3.28217E+14,47960
30-03-2022,ADANIENT,1927.7,2015,1917.3,1990,1995.25,6.34949E+14,92339
31-03-2022,ADANIENT,2005,2042,1991,2017,2014.75,5.6101E+14,65607
01-04-2022,ADANIENT,2018,2049,2013.05,2038,2043.65,2.57609E+14,35975
04-04-2022,ADANIENT,2050,2075.5,2032,2064.5,2065.85,2.74845E+14,38268
05-04-2022,ADANIENT,2078,2189.8,2067.6,2131,2139.85,1.0615E+15,141587
06-04-2022,ADANIENT,2153.75,2182.85,2124.2,2154.95,2160,4.88075E+14,66425
07-04-2022,ADANIENT,2165.95,2214.95,2081.25,2102,2099.05,7.51748E+14,104450
08-04-2022,ADANIENT,2115,2176,2105.25,2172,2170.95,4.12743E+14,58553
11-04-2022,ADANIENT,2181.85,2200,2158.5,2180,2180.2,3.52069E+14,53060
12-04-2022,ADANIENT,2188,2219,2155,2198.5,2196.95,5.7701E+14,81123
13-04-2022,ADANIENT,2210,2217.15,2173.45,2196,2199.45,2.18202E+14,32919
18-04-2022,ADANIENT,2179.8,2240,2156.75,2233.8,2233.85,3.85026E+14,60523
19-04-2022,ADANIENT,2245,2255,2140.1,2145,2168.3,3.63325E+14,50660
20-04-2022,ADANIENT,2178,2207.95,2161.9,2194,2183.95,2.44689E+14,36160
21-04-2022,ADANIENT,2216,2293.55,2203.9,2289.9,2286.35,5.06986E+14,67163
22-04-2022,ADANIENT,2297,2306,2265,2271.15,2273.3,4.08523E+14,54304
25-04-2022,ADANIENT,2259.95,2295,2242.6,2286,2284.2,3.82328E+14,46767
26-04-2022,ADANIENT,2297,2413.9,2295.1,2394,2395.3,7.57986E+14,102957
27-04-2022,ADANIENT,2404.95,2420.95,2325,2338,2334.1,6.06231E+14,79776
28-04-2022,ADANIENT,2359.85,2389.9,2336.3,2380,2378.55,3.97739E+14,54350
29-04-2022,ADANIENT,2389,2394.15,2301.5,2337,2332,4.49248E+14,59115
02-05-2022,ADANIENT,2325,2362.3,2311,2335.7,2339.5,2.35191E+14,35283
04-05-2022,ADANIENT,2358.7,2362.9,2233.05,2248,2253.8,3.99222E+14,64692
05-05-2022,ADANIENT,2270,2303.8,2236,2247.9,2255.4,3.71489E+14,45604
06-05-2022,ADANIENT,2210,2262,2200,2247.5,2247.7,2.59141E+14,39427
09-05-2022,ADANIENT,2229.5,2244.2,2180,2187.5,2197.65,3.20599E+14,42562
10-05-2022,ADANIENT,2190,2220,2097.5,2097.75,2109.5,3.16856E+14,46580
11-05-2022,ADANIENT,2109.6,2157.75,2077,2124.5,2119.3,2.95944E+14,47473
12-05-2022,ADANIENT,2103,2113.6,2011.05,2053,2045.2,3.1936E+14,48422
13-05-2022,ADANIENT,2084.5,2135,2035.3,2055,2054.15,3.23889E+14,57091
16-05-2022,ADANIENT,2082.65,2141.95,2057.65,2112.5,2105.9,3.67336E+14,61264
17-05-2022,ADANIENT,2133.05,2192.25,2119.4,2183.05,2184.85,2.28315E+14,37030
18-05-2022,ADANIENT,2199.7,2216.9,2172,2185,2181.1,2.84336E+14,45269
19-05-2022,ADANIENT,2145,2154.75,2097.6,2121.9,2114.75,2.0966E+14,32998
20-05-2022,ADANIENT,2159,2232.4,2151,2227,2219.55,3.17459E+14,40458
23-05-2022,ADANIENT,2231.75,2245,2155.65,2159.7,2170.65,3.19826E+14,46776
24-05-2022,ADANIENT,2161,2178.9,2142.55,2165,2160.2,2.18299E+14,26813
25-05-2022,ADANIENT,2168,2181.45,2066.2,2071,2074.15,2.92378E+14,34793
26-05-2022,ADANIENT,2077,2088,1906.2,2052,2046.4,9.90048E+14,119283
27-05-2022,ADANIENT,2080,2094.3,2047.7,2085,2080.15,2.80472E+14,33847
30-05-2022,ADANIENT,2120,2175,2102,2169,2165.65,2.98447E+14,42616
31-05-2022,ADANIENT,2160,2225.8,2150.4,2160,2167.55,6.26923E+14,65981
01-06-2022,ADANIENT,2169.95,2189.3,2126,2155,2150.9,3.13087E+14,41408
02-06-2022,ADANIENT,2155,2218,2142.3,2215.2,2209.4,4.05215E+14,48420
03-06-2022,ADANIENT,2235,2242.25,2176.05,2194.2,2190,3.65116E+14,37453
06-06-2022,ADANIENT,2188.5,2230,2168.2,2228,2225.05,3.67485E+14,44623
07-06-2022,ADANIENT,2210,2254.7,2207.05,2219.4,2227.55,4.56187E+14,57351
08-06-2022,ADANIENT,2244.95,2244.95,2158.55,2178,2177.2,3.37091E+14,49879
09-06-2022,ADANIENT,2160.3,2224,2155,2218,2219.2,3.15378E+14,33651
10-06-2022,ADANIENT,2190,2215,2171,2198.75,2203.1,2.86297E+14,38908
13-06-2022,ADANIENT,2172.5,2172.5,2066.75,2082.1,2079.75,3.7388E+14,55355
14-06-2022,ADANIENT,2274,2274,2053.1,2197.6,2196.45,1.40846E+15,184436
15-06-2022,ADANIENT,2218.4,2219.7,2174.2,2176.5,2184.6,2.88087E+14,46859
16-06-2022,ADANIENT,2205,2217.3,2076.05,2084.95,2083,4.55255E+14,61940
17-06-2022,ADANIENT,2062,2137.4,2060.15,2110,2095.8,4.79185E+14,68806
20-06-2022,ADANIENT,2107.3,2123.3,2025,2083.9,2079.85,5.36103E+14,69448
21-06-2022,ADANIENT,2100,2177,2091.65,2159.85,2161.8,2.84399E+14,44749
22-06-2022,ADANIENT,2149.95,2149.95,2077.1,2086,2089.2,3.72864E+14,64117
23-06-2022,ADANIENT,2105,2128,2080,2114.2,2110.35,2.16236E+14,36051
24-06-2022,ADANIENT,2121,2168,2108.6,2154.95,2161.45,2.47417E+14,33693
27-06-2022,ADANIENT,2189,2211,2169.35,2182,2181.6,2.63157E+14,37716
28-06-2022,ADANIENT,2170,2210.25,2160,2207,2204.6,2.80274E+14,37963
29-06-2022,ADANIENT,2185,2247.8,2177.2,2211,2220.1,3.74802E+14,52274
30-06-2022,ADANIENT,2220,2248.5,2180.5,2190,2190.9,3.47254E+14,46645
01-07-2022,ADANIENT,2189.9,2242,2138.25,2229.25,2232.2,4.69558E+14,47117
04-07-2022,ADANIENT,2232.2,2277,2228.35,2260.9,2261.85,3.56912E+14,45778
05-07-2022,ADANIENT,2264,2290.7,2238,2243.65,2246.45,3.07366E+14,39354
06-07-2022,ADANIENT,2245,2277,2236.5,2269,2272.85,2.36513E+14,25604
07-07-2022,ADANIENT,2280,2294.95,2256,2274.85,2274.3,2.15125E+14,28623
08-07-2022,ADANIENT,2286,2303.6,2263.9,2297,2293.05,2.05331E+14,23635
11-07-2022,ADANIENT,2293.05,2384.6,2291.05,2364.5,2373.25,4.61456E+14,65448
12-07-2022,ADANIENT,2364.4,2389.8,2350.15,2359.5,2365.65,3.02119E+14,47448
13-07-2022,ADANIENT,2373.5,2384.65,2333.7,2353.1,2353.5,2.3151E+14,37511
14-07-2022,ADANIENT,2365,2404,2336.5,2394,2383.1,2.20968E+14,34681
15-07-2022,ADANIENT,2414.5,2422.95,2377,2401,2405.25,2.80864E+14,40288
18-07-2022,ADANIENT,2424,2441.85,2406.05,2426.6,2423.6,2.27188E+14,33675
19-07-2022,ADANIENT,2406.95,2459.3,2405,2445,2451.3,2.05485E+14,34038
20-07-2022,ADANIENT,2462,2472.8,2444,2446,2451.1,1.70393E+14,26569
21-07-2022,ADANIENT,2453.8,2498.95,2451.25,2495,2495.5,3.26656E+14,40031
22-07-2022,ADANIENT,2505.5,2514.05,2483.1,2498.9,2499.4,2.08454E+14,31012
25-07-2022,ADANIENT,2505,2562.15,2500,2549.9,2550.6,3.09665E+14,44274
26-07-2022,ADANIENT,2555,2568.6,2533,2551,2559.7,2.2076E+14,33126
27-07-2022,ADANIENT,2560,2572.5,2528,2546.4,2548.7,2.43458E+14,30742
28-07-2022,ADANIENT,2559.9,2565.65,2531.6,2553,2550.4,1.93745E+14,23183
29-07-2022,ADANIENT,2565,2622,2560,2565.9,2569.2,2.86274E+14,37483
01-08-2022,ADANIENT,2575.85,2669.4,2569.2,2655,2660.15,3.32815E+14,40581
02-08-2022,ADANIENT,2660,2697,2640,2675,2683.65,2.93486E+14,40748
03-08-2022,ADANIENT,2685,2717,2671.2,2714.45,2711.4,2.19825E+14,32287
04-08-2022,ADANIENT,2725,2743.9,2684.25,2721,2723.6,3.32966E+14,48196
05-08-2022,ADANIENT,2760,2767.65,2685,2686.05,2698.4,4.44949E+14,75799
08-08-2022,ADANIENT,2700,2807.65,2695.65,2791,2791.9,4.35925E+14,53583
10-08-2022,ADANIENT,2801.75,2834.9,2781.55,2826,2827.2,3.66886E+14,44657
11-08-2022,ADANIENT,2841,2848.4,2815.1,2837.4,2834.05,2.77417E+14,32142
12-08-2022,ADANIENT,2840,2871.15,2834.05,2868,2864.55,2.40981E+14,33127
16-08-2022,ADANIENT,2879,2986,2871,2979,2975.85,5.79614E+14,71617
17-08-2022,ADANIENT,2986,3028.55,2980,3005,3008.65,4.54111E+14,57147
18-08-2022,ADANIENT,3005,3186,3004,3157.75,3153.65,1.09043E+15,122950
19-08-2022,ADANIENT,3178,3258.9,3075.25,3127,3130.2,1.9392E+15,229717
22-08-2022,ADANIENT,3134,3191.8,3029.2,3056.65,3051.6,1.08324E+15,139398
23-08-2022,ADANIENT,3032.65,3074,2927.4,3038.7,3030.65,1.25552E+15,157211
24-08-2022,ADANIENT,3038,3153,2986,3151.4,3134.65,1.06306E+15,132308
25-08-2022,ADANIENT,3167,3177.8,3055.7,3060.1,3066.35,9.69341E+14,113931
26-08-2022,ADANIENT,3080,3172.95,3078,3148.5,3139.55,9.08625E+14,100125
29-08-2022,ADANIENT,3055,3166.45,3037.85,3145,3142.6,6.01373E+14,78701
30-08-2022,ADANIENT,3165,3263.1,3161,3192.6,3194.35,1.41038E+15,119357
01-09-2022,ADANIENT,3200,3245,3184.4,3237,3233.25,6.04794E+14,69275
02-09-2022,ADANIENT,3261,3369.4,3225,3352,3355.8,1.60214E+15,183660
05-09-2022,ADANIENT,3374.1,3431.8,3313,3350,3346.55,1.24362E+15,146740
06-09-2022,ADANIENT,3370,3447.6,3355,3436,3435.8,8.80513E+14,108547
07-09-2022,ADANIENT,3435.8,3487.95,3406.1,3474.5,3473.75,7.56679E+14,86977
08-09-2022,ADANIENT,3499,3501.5,3450,3462.5,3462.8,5.41467E+14,52110
09-09-2022,ADANIENT,3479,3507.95,3415.15,3450,3451.2,5.59801E+14,66777
12-09-2022,ADANIENT,3465,3495.5,3457.9,3465,3463.8,5.72089E+14,43847
13-09-2022,ADANIENT,3478,3568.9,3421.3,3560.1,3555.8,1.2192E+15,122343
14-09-2022,ADANIENT,3518,3608,3511,3573,3572.1,9.80184E+14,94965
15-09-2022,ADANIENT,3590,3767.95,3575,3750.6,3748.7,1.73478E+15,155826
16-09-2022,ADANIENT,3755,3866.95,3614.6,3705,3702.2,2.1277E+15,210607
19-09-2022,ADANIENT,3718.95,3801.95,3680.75,3780.5,3778.65,1.16357E+15,120209
20-09-2022,ADANIENT,3819,3885,3812,3819,3834.55,1.28403E+15,116980
21-09-2022,ADANIENT,3837.65,3862.8,3571.25,3640,3640.1,2.24493E+15,227558
22-09-2022,ADANIENT,3639,3735.95,3608.05,3725,3716.3,1.28745E+15,134542
23-09-2022,ADANIENT,3732,3737.9,3655,3663,3674.3,1.10961E+15,104208
26-09-2022,ADANIENT,3646.3,3658,3532,3561.95,3586.2,1.12421E+15,122902
27-09-2022,ADANIENT,3596,3629.55,3485.85,3566,3559.1,1.26113E+15,121229
28-09-2022,ADANIENT,3528,3596.95,3503,3540,3548.75,8.03417E+14,76568
29-09-2022,ADANIENT,3583.5,3664.75,3443.6,3456,3470.7,5.26393E+15,154930
30-09-2022,ADANIENT,3447.95,3523.8,3371.1,3440,3455.75,1.48945E+15,143905
03-10-2022,ADANIENT,3440,3460.05,3110.2,3164.75,3157.3,2.45521E+15,242309
04-10-2022,ADANIENT,3230,3291.2,3125,3229,3237.7,1.82244E+15,206194
06-10-2022,ADANIENT,3270,3318.8,3208.05,3287,3285,9.30327E+14,106184
07-10-2022,ADANIENT,3280,3310.95,3228.15,3279,3277.6,6.31138E+14,65403
10-10-2022,ADANIENT,3234,3278.75,3214.35,3253,3246.25,5.17061E+14,64438
11-10-2022,ADANIENT,3257.55,3338,3249,3274,3273.95,8.39555E+14,98321
12-10-2022,ADANIENT,3297,3297,3145,3228,3223.65,9.5353E+14,123910
13-10-2022,ADANIENT,3218,3262.8,3189,3228,3233.65,5.93731E+14,67694
14-10-2022,ADANIENT,3272,3305,3194.85,3201,3209.5,4.35969E+14,50469
17-10-2022,ADANIENT,3211,3235,3136.1,3225,3212.6,6.35043E+14,65568
18-10-2022,ADANIENT,3249,3298,3226.1,3289,3284.3,5.34475E+14,51032
19-10-2022,ADANIENT,3300,3310,3259.65,3277,3277.25,4.5943E+14,45073
20-10-2022,ADANIENT,3260,3365,3245,3361.05,3357.1,7.31681E+14,66573
21-10-2022,ADANIENT,3374.9,3382,3287,3309.75,3311.9,3.73837E+14,41865
24-10-2022,ADANIENT,3325,3340.1,3287.4,3320,3309.8,8.23565E+13,9916
25-10-2022,ADANIENT,3321.95,3345,3294,3295.05,3300.5,2.91361E+14,35025
27-10-2022,ADANIENT,3319.85,3355,3297,3320,3325,3.6778E+14,37985
28-10-2022,ADANIENT,3322,3387.95,3297.65,3325,3323.3,4.41719E+14,48185
31-10-2022,ADANIENT,3339.95,3360,3326.1,3350,3347.45,1.92493E+14,30283
01-11-2022,ADANIENT,3361.9,3607.45,3352,3579.8,3575.7,1.54608E+15,162903
02-11-2022,ADANIENT,3580,3625.15,3526,3570.5,3580.7,9.06188E+14,103751
03-11-2022,ADANIENT,3550,3614.7,3542.45,3590,3590.4,4.57553E+14,56803
04-11-2022,ADANIENT,3642,3849.8,3566.75,3825.9,3833.25,2.28124E+15,251172
07-11-2022,ADANIENT,3852.45,4013.7,3820,3953.35,3960.6,2.36065E+15,261119
09-11-2022,ADANIENT,3977,4048,3943.05,3982.6,3997.2,1.49578E+15,148664
10-11-2022,ADANIENT,3995,4030,3962.15,3999,3992.25,9.24925E+14,94415
11-11-2022,ADANIENT,4040,4048.95,3975.15,4006,4008.85,5.92775E+14,69136
14-11-2022,ADANIENT,3999,4078,3990,4024.1,4022.55,7.27606E+14,76145
15-11-2022,ADANIENT,4025.05,4065,4022,4064.95,4057.8,4.30722E+14,49890
16-11-2022,ADANIENT,4057.3,4096,3863.55,3975,3956.6,1.21778E+15,120771
17-11-2022,ADANIENT,3970,4033,3900,4017,4018.15,9.01129E+14,100741
18-11-2022,ADANIENT,4028.35,4043,3984,4020,4019.8,5.78248E+14,61375
21-11-2022,ADANIENT,4019.95,4019.95,3921.95,3999.5,4001.85,5.93649E+14,63301
22-11-2022,ADANIENT,4001.85,4056,3988,4034.9,4034,6.87412E+14,61621
23-11-2022,ADANIENT,4050,4061.85,3873,3897,3903.3,1.13083E+15,119633
24-11-2022,ADANIENT,3910,3935,3821,3930,3921.1,1.08616E+15,111478
25-11-2022,ADANIENT,3929,3949.9,3845.3,3900.05,3901.1,9.7622E+14,91106
28-11-2022,ADANIENT,3899.4,3925,3871.4,3884.45,3886.15,4.36559E+14,42474
29-11-2022,ADANIENT,3885,3915,3864.05,3870,3878.4,5.88577E+14,46398
30-11-2022,ADANIENT,3897.8,3939.9,3867,3924.7,3917.9,7.68476E+14,62047
01-12-2022,ADANIENT,3937.5,3944.95,3902.45,3907.4,3915.1,3.70909E+14,35157
02-12-2022,ADANIENT,3905,3963.8,3885,3915,3922.5,5.0911E+14,53440
05-12-2022,ADANIENT,3928.9,3939,3810.05,3930.2,3930.4,9.27167E+14,88778
06-12-2022,ADANIENT,3920,4057,3909,4026,4031.8,1.18893E+15,121859
07-12-2022,ADANIENT,4031,4057.9,3984.55,3998,3999.3,5.05032E+14,63713
08-12-2022,ADANIENT,4010,4045,4003.35,4023.35,4025,3.60468E+14,43843
09-12-2022,ADANIENT,4044,4094,3941.5,3995.6,3996.8,8.56238E+14,79946
12-12-2022,ADANIENT,3997,4031.9,3968.75,4010.15,4016.7,3.21695E+14,38510
13-12-2022,ADANIENT,4027.8,4072,4011.6,4060,4060.2,4.91954E+14,47587
14-12-2022,ADANIENT,4076,4092.05,4040,4049,4055.8,4.53321E+14,42940
15-12-2022,ADANIENT,4055.8,4073.05,4025,4025.25,4043.75,3.50953E+14,37452
16-12-2022,ADANIENT,4018.9,4047.9,3944.05,3983,3980.8,6.38379E+14,55399
19-12-2022,ADANIENT,3988,4104,3971.45,4101,4075.3,6.62397E+14,53127
20-12-2022,ADANIENT,4095,4172,4066.4,4165,4165.3,1.55868E+15,131294
21-12-2022,ADANIENT,4175,4190,3883.25,3909,3901.95,1.43619E+15,167340
22-12-2022,ADANIENT,3948,3948,3817.05,3856,3868.55,1.11648E+15,134348
23-12-2022,ADANIENT,3822,3848,3616.8,3650.05,3642.2,1.13261E+15,140276
26-12-2022,ADANIENT,3653,3744.9,3620,3709,3716.75,8.0257E+14,99922
27-12-2022,ADANIENT,3732.45,3797.9,3695.05,3767.15,3769.65,6.75164E+14,72966
28-12-2022,ADANIENT,3756.05,3825,3745,3797.95,3797.7,5.21528E+14,58991
29-12-2022,ADANIENT,3790,3825,3748.1,3815.35,3810.6,5.80612E+14,67660
30-12-2022,ADANIENT,3829.7,3898,3822.05,3850,3858.35,5.89856E+14,59598
02-01-2023,ADANIENT,3870,3874,3822.55,3843,3841.2,3.55173E+14,42124
03-01-2023,ADANIENT,3841.9,3852.85,3791,3828.1,3830.95,3.0644E+14,38042
04-01-2023,ADANIENT,3839,3874.95,3803.6,3822,3827.05,3.94265E+14,47586
05-01-2023,ADANIENT,3827.05,3842.4,3756.9,3839,3829.8,3.80201E+14,49242
06-01-2023,ADANIENT,3829,3868.25,3797.05,3824,3824.25,3.49749E+14,44367
09-01-2023,ADANIENT,3843,3880,3811.25,3853,3855.3,2.90328E+14,42423
10-01-2023,ADANIENT,3859,3862.05,3555,3636.85,3646.9,1.32042E+15,161278
11-01-2023,ADANIENT,3660,3664.5,3560.1,3635,3635.8,8.0528E+14,104118
12-01-2023,ADANIENT,3642.5,3679,3612,3641.75,3647.2,4.37202E+14,61175
13-01-2023,ADANIENT,3651.2,3736.05,3642.2,3720,3721.15,5.04049E+14,71398
16-01-2023,ADANIENT,3720,3739.95,3600,3621,3619.8,6.78003E+14,81657
17-01-2023,ADANIENT,3620,3649.6,3560.2,3640,3639.35,6.03185E+14,75220
18-01-2023,ADANIENT,3648,3648,3527.1,3584.9,3596.7,1.31124E+15,123459
19-01-2023,ADANIENT,3470,3537.7,3426.7,3458,3463.55,1.282E+15,153420
20-01-2023,ADANIENT,3450,3477.35,3440.95,3451,3456.15,5.21993E+14,55259
23-01-2023,ADANIENT,3443.05,3460,3412.55,3439.5,3436.35,3.3488E+14,45252
24-01-2023,ADANIENT,3447.45,3508,3430,3441,3442,5.25083E+14,62403
25-01-2023,ADANIENT,3422,3428,3315,3405,3388.95,1.24332E+15,114072
27-01-2023,ADANIENT,3335,3346.5,2712,2768.5,2761.45,4.4446E+15,562994
30-01-2023,ADANIENT,2850,3037.55,2665,2869.85,2892.85,6.00249E+15,907742
31-01-2023,ADANIENT,2980,3073.6,2906,2948,2973.9,3.45281E+15,497618
01-02-2023,ADANIENT,2995,3010.75,1941.2,2179.75,2135.35,3.43572E+15,566482
02-02-2023,ADANIENT,2348.85,2348.85,1494.75,1565.3,1565.25,6.30077E+15,1563346
03-02-2023,ADANIENT,1490,1679.9,1017.45,1531,1586.8,5.94615E+15,1704970
06-02-2023,ADANIENT,1575,1615,1435.2,1554.3,1572.7,2.97329E+15,911312
07-02-2023,ADANIENT,1571,1962.7,1525.6,1813,1802.95,3.38565E+15,809538
08-02-2023,ADANIENT,1869.85,2222.15,1840.85,2220,2164.25,3.87915E+15,861666
09-02-2023,ADANIENT,2168,2168,1731.4,1922,1925.7,3.60611E+15,829391
10-02-2023,ADANIENT,1769,1990,1733.15,1853,1846.95,2.14382E+15,539738
13-02-2023,ADANIENT,1850,1921.7,1662.25,1706,1717.65,2.14057E+15,617527
14-02-2023,ADANIENT,1735,1889,1611.35,1750,1749.7,2.53173E+15,687240
15-02-2023,ADANIENT,1780,1824.4,1750,1772,1779.1,1.36556E+15,385669
16-02-2023,ADANIENT,1820,1874.95,1790,1796.85,1796.6,1.0145E+15,298112
17-02-2023,ADANIENT,1800,1815.85,1703.2,1719,1722.7,9.42502E+14,282372
20-02-2023,ADANIENT,1650,1685,1560.5,1613,1621.45,1.09814E+15,334008
21-02-2023,ADANIENT,1626,1644.45,1561.3,1563.9,1571.1,8.9074E+14,281877
22-02-2023,ADANIENT,1535,1560,1381.2,1397.5,1404.85,1.52662E+15,509088
23-02-2023,ADANIENT,1380,1438,1350,1388.85,1382.65,1.24171E+15,427592
24-02-2023,ADANIENT,1410,1427,1261.6,1312,1315.65,1.15425E+15,422968
