Date,Open,High,Low,Last,Close,Turnover,Trades
2021-03-01,2110.2,2112.0,2062.5,2103.0,2101.7,1707710115320000.0,266082
2021-03-02,2122.0,2130.0,2089.1,2108.0,2106.0,1668325035850000.0,244565
2021-03-03,2121.05,2219.9,2107.2,2207.1,2202.1,3184621337025000.0,326092
2021-03-04,2180.0,2189.95,2157.7,2174.0,2175.85,2152207032090000.2,259806
2021-03-05,2156.0,2211.95,2153.05,2174.55,2178.7,2571768512945000.0,312784
2021-03-08,2168.5,2231.9,2168.0,2193.0,2191.1,1985624455330000.0,300037
2021-03-09,2200.0,2213.8,2146.6,2190.55,2191.05,1525673621560000.0,227932
2021-03-10,2207.0,2215.1,2170.25,2179.4,2181.95,1163007490215000.0,163700
2021-03-12,2195.0,2206.4,2123.9,2136.9,2137.6,1681634589925000.0,244889
2021-03-15,2140.05,2148.9,2080.5,2105.0,2108.9,1620919017560000.0,268696
2021-03-16,2114.0,2126.0,2095.5,2100.75,2100.6,1349184140475000.0,235823
2021-03-17,2098.05,2103.0,2035.1,2054.5,2055.35,1831523317130000.0,241456
2021-03-18,2072.9,2084.8,2001.0,2010.0,2009.1,1942723115025000.0,295771
2021-03-19,1991.0,2095.85,1982.8,2078.1,2082.0,3948584025400000.0,431829
2021-03-22,2071.0,2074.0,2033.2,2061.0,2062.4,1757896066630000.0,234534
2021-03-23,2061.95,2109.7,2056.0,2079.9,2087.5,1677618863465000.0,220527
2021-03-24,2079.75,2079.75,2040.4,2048.55,2047.3,1596121134555000.0,222445
2021-03-25,2054.0,2054.0,1985.0,1993.95,1991.45,2042174379045000.0,292881
2021-03-26,2012.0,2013.7,1973.7,1994.0,1994.65,1858055923090000.2,296946
2021-03-30,2008.0,2048.9,1991.55,2031.9,2029.3,1911714942175000.0,230499
2021-03-31,2018.0,2049.9,1999.0,2005.65,2003.1,1512852774525000.0,193340
2021-04-01,2018.0,2030.0,2003.15,2020.0,2021.85,1091741193875000.0,140946
2021-04-05,2024.95,2025.0,1962.1,1992.0,1992.6,1363523747550000.0,246459
2021-04-06,2004.0,2004.95,1969.0,1986.2,1984.3,1283346959240000.0,209903
2021-04-07,2000.0,2046.9,1993.3,2001.55,2002.85,2261301434945000.0,286779
2021-04-08,2011.0,2022.0,1993.0,2006.4,2005.35,1422943168515000.0,191800
2021-04-09,1998.45,2006.35,1980.0,1983.45,1982.05,1288623494740000.0,234390
2021-04-12,1959.0,1961.4,1900.25,1915.65,1911.15,1854921283459999.8,330605
2021-04-13,1924.0,1940.6,1917.85,1932.3,1931.8,1730189036920000.0,206237
2021-04-15,1926.3,1961.0,1913.0,1943.0,1944.3,1759814886955000.0,189159
2021-04-16,1936.6,1949.9,1926.45,1929.0,1932.1,1398336435495000.0,206958
2021-04-19,1904.0,1916.4,1890.0,1903.05,1901.7,1622505956175000.0,271570
2021-04-20,1910.5,1919.0,1890.45,1905.0,1901.15,1513854171475000.0,202431
2021-04-22,1892.25,1914.45,1876.7,1905.1,1906.4,1269694826460000.0,209895
2021-04-23,1906.0,1918.9,1895.35,1903.35,1904.35,1041289396995000.1,171621
2021-04-26,1920.0,1962.0,1911.5,1938.0,1937.85,1867699462930000.0,259137
2021-04-27,1940.0,1997.2,1938.25,1990.0,1988.65,1825602129440000.2,291197
2021-04-28,1997.85,2008.0,1980.15,1993.15,1997.3,1578507608760000.0,247331
2021-04-29,2022.9,2044.5,2007.3,2020.0,2024.05,1626633942825000.0,213153
2021-04-30,2008.5,2036.0,1987.55,1995.9,1994.5,1839532117509999.8,288687
2021-05-03,1966.0,1979.0,1943.1,1956.0,1959.05,2136663946915000.2,343806
2021-05-04,1950.0,1967.8,1911.0,1918.0,1916.6,1952033040615000.2,325798
2021-05-05,1923.35,1938.5,1908.05,1921.5,1920.1,1100036396929999.9,190990
2021-05-06,1921.85,1935.0,1906.6,1932.0,1931.0,1296501970885000.0,221666
2021-05-07,1937.75,1955.65,1926.0,1926.8,1931.75,1100213052915000.0,188670
2021-05-10,1939.0,1946.8,1920.95,1927.1,1926.2,1243036110665000.0,197986
2021-05-11,1915.0,1938.55,1910.0,1933.9,1933.15,1200128865420000.0,175976
2021-05-12,1930.1,1932.9,1907.0,1913.05,1913.15,1164838036200000.0,212378
2021-05-14,1928.05,1942.0,1906.0,1937.0,1937.3,1180931172755000.0,227142
2021-05-17,1937.3,1963.45,1930.4,1958.85,1960.35,1068626780629999.9,164252
2021-05-18,1981.0,2002.6,1972.5,1986.0,1987.95,1106868225850000.0,184906
2021-05-19,1980.0,2016.45,1972.0,1993.0,1997.05,1504967772140000.0,198257
2021-05-20,1997.9,2010.9,1981.0,1982.0,1985.4,1049952748965000.0,158144
2021-05-21,1992.0,2009.6,1986.0,1999.6,2002.55,995444199229999.9,182141
2021-05-24,2008.0,2009.8,1982.0,1985.05,1985.65,786993669465000.0,130059
2021-05-25,1996.4,1997.0,1960.0,1964.0,1963.15,1346697607140000.0,208558
2021-05-26,1975.0,1979.5,1965.3,1967.0,1970.05,680870090860000.0,118469
2021-05-27,1970.3,1993.0,1962.25,1990.0,1976.1,2447658808035000.0,219255
2021-05-28,1990.0,2105.0,1990.0,2094.45,2094.8,5387879158965000.0,642384
2021-05-31,2102.0,2191.7,2085.05,2153.5,2160.3,5878142157865000.0,624166
2021-06-01,2166.0,2202.0,2146.5,2164.3,2168.9,2813889260900000.0,390299
2021-06-02,2157.0,2209.5,2157.0,2207.0,2201.25,2476418758475000.0,258490
2021-06-03,2221.0,2250.0,2196.1,2208.0,2209.65,2457887832280000.0,341728
2021-06-04,2214.8,2216.45,2184.25,2186.9,2190.5,1467447422595000.0,219435
2021-06-07,2202.0,2242.0,2185.0,2225.05,2227.4,1669795878150000.0,227808
2021-06-08,2226.6,2227.15,2198.15,2211.5,2214.6,988233230585000.0,147771
2021-06-09,2219.0,2221.0,2157.95,2178.0,2175.0,1152880333615000.0,167739
2021-06-10,2193.4,2230.0,2177.55,2184.8,2183.0,1436827285515000.0,215752
2021-06-11,2182.9,2228.0,2180.1,2215.8,2213.15,1406381759510000.0,226319
2021-06-14,2215.0,2258.25,2195.05,2245.0,2244.9,2094509779490000.2,284426
2021-06-15,2261.0,2274.9,2240.3,2244.0,2250.0,1580861110025000.0,215805
2021-06-16,2244.9,2247.05,2205.85,2209.55,2211.6,1108104710715000.0,163887
2021-06-17,2200.0,2235.0,2179.9,2214.15,2215.65,1607717656255000.0,225832
2021-06-18,2225.5,2235.0,2184.35,2224.15,2225.65,3004172515995000.0,221167
2021-06-21,2203.5,2247.5,2200.15,2238.95,2237.25,1251685229150000.0,180220
2021-06-22,2254.0,2261.0,2219.35,2225.0,2225.75,1333886084710000.0,180362
2021-06-23,2250.0,2250.6,2201.7,2208.15,2205.35,1704276222855000.0,214835
2021-06-24,2206.85,2214.6,2140.0,2147.8,2153.5,9179980463260000.0,755278
2021-06-25,2153.5,2153.5,2081.1,2104.5,2104.45,5380107704015000.0,629847
2021-06-28,2122.0,2126.5,2081.0,2089.0,2086.0,1965437982809999.8,286857
2021-06-29,2089.5,2109.0,2084.1,2090.0,2087.8,2620545648280000.0,267376
2021-06-30,2096.25,2122.65,2091.05,2112.0,2110.65,1922488142509999.8,251722
2021-07-01,2118.0,2123.15,2095.0,2101.5,2097.95,1220190789330000.0,196897
2021-07-02,2097.0,2132.9,2092.95,2131.55,2129.05,1378407472620000.0,187794
2021-07-05,2136.45,2153.55,2131.5,2150.0,2150.2,1158734889660000.0,175055
2021-07-06,2144.95,2148.9,2120.2,2127.85,2124.8,993022431145000.1,125408
2021-07-07,2127.75,2127.75,2098.0,2112.0,2110.05,1017987555654999.9,227151
2021-07-08,2116.95,2116.95,2081.0,2091.0,2092.6,1082789714235000.0,223120
2021-07-09,2088.0,2091.7,2066.1,2071.95,2071.2,865381844175000.0,169203
2021-07-12,2079.75,2101.5,2074.5,2081.95,2084.1,827350730550000.0,140597
2021-07-13,2100.0,2103.05,2088.05,2099.0,2099.7,650098105055000.0,106030
2021-07-14,2100.35,2106.85,2081.25,2083.55,2086.0,823006462200000.0,169306
2021-07-15,2095.0,2095.0,2078.5,2080.75,2082.35,909855027454999.9,148981
2021-07-16,2087.75,2114.75,2087.6,2110.0,2112.4,857456919450000.0,126660
2021-07-19,2100.0,2124.0,2092.25,2097.95,2098.95,812976337795000.0,129037
2021-07-20,2099.5,2108.0,2084.0,2089.95,2093.8,652471878300000.0,105619
2021-07-22,2119.0,2123.9,2098.15,2121.5,2120.7,776911002990000.0,133510
2021-07-23,2134.45,2134.45,2102.05,2104.0,2105.7,971788550110000.0,143981
2021-07-26,2108.0,2121.0,2071.1,2073.9,2076.85,1196362319615000.0,193266
2021-07-27,2076.8,2083.7,2042.0,2054.0,2055.0,1030073694235000.0,196342
2021-07-28,2058.0,2058.0,2016.25,2035.0,2037.35,1210624143645000.0,222240
2021-07-29,2054.0,2074.4,2043.4,2054.3,2053.25,1306914042740000.0,203791
2021-07-30,2058.0,2067.95,2031.1,2037.0,2035.3,1073344460454999.9,158088
2021-08-02,2054.3,2079.4,2041.15,2068.5,2072.5,1042402079565000.0,164715
2021-08-03,2090.0,2091.0,2064.2,2090.0,2087.75,1133733562650000.0,137882
2021-08-04,2094.4,2114.0,2087.0,2105.0,2103.75,1278282170295000.0,188340
2021-08-05,2114.3,2154.8,2104.25,2131.0,2134.25,2086363848534999.8,249218
2021-08-06,2129.95,2146.95,2078.75,2090.0,2089.05,1611639992215000.0,225682
2021-08-09,2081.0,2089.8,2066.5,2078.5,2077.15,717987328645000.0,147892
2021-08-10,2082.0,2113.0,2073.75,2085.0,2088.05,1152496057540000.0,171235
2021-08-11,2096.95,2120.0,2083.4,2115.0,2117.3,891679468295000.1,138291
2021-08-12,2124.9,2126.2,2105.0,2109.8,2110.5,794332610005000.0,114345
2021-08-13,2117.3,2149.9,2108.95,2143.0,2145.65,1257802778410000.0,187810
2021-08-16,2149.35,2203.0,2128.15,2169.0,2173.5,2204234343170000.0,290119
2021-08-17,2168.85,2185.2,2147.85,2163.0,2164.25,1265998699425000.0,190350
2021-08-18,2174.0,2186.8,2152.6,2168.0,2172.65,1009141405270000.1,146613
2021-08-20,2143.0,2172.0,2137.0,2140.1,2148.25,937750260190000.0,147112
2021-08-23,2174.0,2174.0,2132.3,2161.15,2162.35,980945449065000.0,143268
2021-08-24,2165.05,2192.0,2155.6,2178.0,2183.7,1190516519690000.0,173479
2021-08-25,2185.4,2220.0,2180.1,2201.0,2202.6,1361136453360000.0,198304
2021-08-26,2208.0,2244.9,2205.0,2232.0,2230.45,1913381823365000.2,248660
2021-08-27,2237.0,2242.75,2216.05,2225.0,2227.4,1077776912785000.0,152317
2021-08-30,2250.0,2275.85,2236.8,2273.75,2270.25,1463815200570000.0,206768
2021-08-31,2276.9,2283.75,2242.25,2257.0,2258.15,2759509354145000.0,206759
2021-09-01,2273.0,2292.9,2263.0,2266.0,2267.1,1169805616260000.0,173178
2021-09-02,2255.0,2307.8,2255.0,2293.0,2294.4,1051678128445000.1,206002
2021-09-03,2310.0,2395.0,2302.5,2389.65,2388.5,3334540371590000.0,446968
2021-09-06,2413.0,2480.0,2412.0,2429.0,2425.6,3796726594030000.5,496545
2021-09-07,2430.0,2458.0,2412.0,2439.0,2440.9,1951819208884999.8,256461
2021-09-08,2452.0,2454.0,2406.65,2430.0,2431.35,1603324825230000.0,213942
2021-09-09,2427.9,2437.85,2416.1,2424.1,2425.6,1002836965220000.1,194645
2021-09-13,2433.0,2433.0,2368.05,2369.8,2371.55,1793028691015000.2,327407
2021-09-14,2375.0,2394.0,2366.0,2370.5,2368.45,977458416779999.9,153291
2021-09-15,2368.5,2395.75,2368.5,2379.4,2378.3,996504538275000.0,168130
2021-09-16,2381.55,2436.75,2367.0,2424.0,2428.2,1494905056995000.0,214010
2021-09-17,2446.0,2455.85,2375.6,2387.0,2390.55,3879858012685000.0,278098
2021-09-20,2372.1,2418.35,2370.0,2391.85,2394.35,1303955348725000.0,171011
2021-09-21,2405.0,2416.6,2384.0,2400.0,2404.7,1099151085165000.0,149803
2021-09-22,2408.0,2442.0,2398.25,2430.8,2430.5,1231340979410000.0,179090
2021-09-23,2447.4,2497.0,2445.5,2488.1,2489.9,1799343214275000.0,255176
2021-09-24,2503.55,2505.45,2472.0,2479.0,2482.7,1744632105545000.0,234214
2021-09-27,2487.0,2529.9,2475.3,2527.0,2524.45,1781511654495000.0,224209
2021-09-28,2534.0,2564.9,2512.8,2545.0,2548.05,2114101946234999.8,229286
2021-09-29,2570.0,2570.0,2520.05,2530.0,2527.85,1137986628120000.0,166259
2021-09-30,2525.0,2534.6,2500.35,2511.0,2519.25,1578970247485000.0,173121
2021-10-01,2501.95,2539.8,2495.0,2525.0,2523.7,1042338947620000.1,144149
2021-10-04,2553.0,2574.85,2537.05,2558.0,2556.15,1288434677635000.0,163519
2021-10-05,2555.1,2612.0,2547.35,2610.25,2609.2,1612676714045000.0,190163
2021-10-06,2619.95,2619.95,2551.1,2554.0,2559.85,1224083322470000.0,175209
2021-10-07,2595.0,2598.75,2567.7,2572.0,2572.4,755444082300000.0,122777
2021-10-08,2585.25,2684.4,2581.5,2669.2,2671.25,1923704993020000.0,253640
2021-10-11,2701.4,2720.0,2645.35,2655.0,2652.65,1828120927300000.0,247361
2021-10-12,2645.0,2683.0,2641.25,2668.0,2667.8,820740261565000.0,145888
2021-10-13,2679.0,2719.5,2669.3,2698.0,2694.95,1237060784050000.0,205663
2021-10-14,2700.35,2717.45,2687.2,2701.0,2700.4,1074859741000000.0,144964
2021-10-18,2668.6,2745.0,2662.3,2707.8,2707.6,1702585550665000.0,274696
2021-10-19,2723.8,2751.35,2708.0,2730.8,2731.85,1114411942510000.0,203192
2021-10-20,2742.75,2742.75,2691.5,2703.5,2700.4,1589983728585000.0,186061
2021-10-21,2727.4,2728.0,2603.2,2635.0,2622.5,2540841638920000.0,356400
2021-10-22,2620.0,2664.9,2611.5,2625.75,2627.4,1341106786300000.0,209472
2021-10-25,2680.0,2680.0,2570.0,2607.0,2601.8,2072500685930000.0,317548
2021-10-26,2617.1,2668.9,2603.15,2666.3,2661.05,1185985953685000.0,199021
2021-10-27,2652.0,2676.8,2619.95,2622.3,2627.4,1211333004905000.0,176020
2021-10-28,2620.0,2637.95,2590.5,2598.0,2598.6,1191118700875000.0,170822
2021-10-29,2596.15,2596.15,2501.7,2540.0,2536.25,1673689352225000.0,277855
2021-11-01,2536.25,2556.0,2494.1,2538.1,2537.8,1802988509790000.2,273829
2021-11-02,2545.0,2548.0,2495.25,2503.05,2500.8,1224338439560000.0,225933
2021-11-03,2506.05,2520.0,2461.0,2483.0,2483.6,1376473332045000.0,240878
2021-11-04,2492.95,2504.9,2490.0,2503.0,2498.85,196580089245000.0,63285
2021-11-08,2519.4,2520.0,2456.4,2502.9,2501.95,2330698138010000.0,456493
2021-11-09,2505.0,2528.9,2487.05,2528.6,2521.7,1815237505100000.0,205289
2021-11-10,2516.7,2558.0,2503.65,2546.45,2549.9,1201274220300000.0,168600
2021-11-11,2540.05,2570.5,2535.55,2556.0,2554.55,1262782873625000.0,216865
2021-11-12,2562.9,2598.75,2557.0,2588.0,2593.1,1038400984425000.0,149602
2021-11-15,2600.0,2602.2,2570.0,2574.5,2577.8,572259425670000.0,107475
2021-11-16,2572.05,2575.0,2495.0,2497.25,2517.9,1326912740610000.0,209557
2021-11-17,2498.95,2498.95,2461.0,2462.8,2464.0,1167604276470000.0,240722
2021-11-18,2460.0,2489.0,2450.05,2473.0,2473.3,968638683465000.0,218820
2021-11-22,2436.1,2449.0,2351.0,2365.65,2363.75,2650011285750000.0,469744
2021-11-23,2333.05,2401.25,2309.0,2389.95,2385.85,2761350113560000.0,393864
2021-11-24,2380.0,2409.9,2343.55,2343.55,2351.4,1844476882380000.0,291051
2021-11-25,2373.0,2502.0,2357.15,2501.0,2492.95,4799499831055000.0,497536
2021-11-26,2467.8,2477.6,2401.5,2405.1,2412.6,1770189648634999.8,306992
2021-11-29,2439.1,2500.0,2399.1,2437.7,2441.5,2766349359800000.0,375905
2021-11-30,2468.0,2475.9,2388.85,2401.2,2405.4,3600382129730000.5,381257
2021-12-01,2433.0,2474.0,2425.1,2467.75,2467.0,1142314756165000.0,202787
2021-12-02,2469.7,2496.2,2461.6,2481.95,2482.85,1457351587205000.0,248052
2021-12-03,2498.4,2498.5,2400.0,2413.15,2408.25,2161104576940000.2,283259
2021-12-06,2416.0,2425.0,2357.15,2365.95,2362.6,1138707106470000.0,210176
2021-12-07,2376.15,2404.0,2360.0,2382.0,2381.85,1238110784930000.0,233720
2021-12-08,2424.1,2431.8,2406.3,2420.95,2418.1,976095363295000.1,175071
2021-12-09,2435.0,2474.9,2425.0,2453.0,2456.45,1495945728085000.0,248350
2021-12-10,2440.25,2466.0,2430.35,2457.25,2458.95,943281063275000.0,177038
2021-12-13,2473.5,2474.1,2404.0,2411.45,2409.65,1444061420820000.0,240510
2021-12-14,2380.0,2406.0,2373.4,2382.5,2380.15,1431013406060000.0,248926
2021-12-15,2384.0,2405.0,2361.1,2369.9,2373.2,1028770163850000.0,199178
2021-12-16,2405.7,2415.5,2368.65,2413.95,2403.9,1077685511715000.0,187830
2021-12-17,2398.05,2408.0,2320.0,2343.4,2340.45,2279715033350000.0,301459
2021-12-20,2317.85,2317.85,2247.1,2276.8,2277.35,1505851338560000.0,331211
2021-12-21,2311.35,2346.0,2292.2,2313.0,2311.25,1373017750420000.0,241858
2021-12-22,2324.9,2371.9,2322.0,2365.0,2366.1,1912512545870000.0,222615
2021-12-23,2374.0,2380.0,2358.05,2365.0,2365.25,991159801354999.9,173393
2021-12-24,2370.0,2392.0,2337.55,2367.15,2372.8,859298056785000.0,159321
2021-12-27,2361.55,2378.0,2348.1,2371.0,2370.25,438805404005000.0,89509
2021-12-28,2375.6,2404.85,2373.05,2404.0,2398.4,702822628045000.0,121810
2021-12-29,2391.0,2419.0,2382.1,2398.0,2402.5,1708561078925000.0,169024
2021-12-30,2400.0,2404.95,2345.6,2364.0,2359.1,3204101524070000.0,226181
2021-12-31,2373.0,2383.9,2360.0,2368.5,2368.15,1036813613770000.1,138728
2022-01-03,2365.0,2407.95,2363.55,2407.95,2403.85,598656851010000.0,105190
2022-01-04,2415.9,2461.0,2404.0,2460.0,2458.1,1220149170165000.0,208647
2022-01-05,2462.0,2477.0,2432.95,2461.85,2469.6,1319593486250000.0,210976
2022-01-06,2451.2,2454.0,2409.0,2419.15,2416.5,1615673576235000.0,227953
2022-01-07,2430.95,2458.05,2411.55,2439.9,2436.0,1474521427780000.0,191088
2022-01-10,2452.0,2457.0,2416.05,2440.2,2438.0,1038052764100000.0,214098
2022-01-11,2436.0,2474.95,2435.0,2455.8,2455.55,1839391217584999.8,209712
2022-01-12,2471.3,2524.95,2465.0,2518.0,2521.1,1711622726560000.0,267056
2022-01-13,2521.25,2541.0,2508.4,2536.25,2535.3,1381946515700000.0,186278
2022-01-14,2535.0,2567.3,2525.85,2537.0,2539.0,2341436075105000.0,195865
2022-01-17,2538.0,2565.0,2537.0,2553.0,2552.25,947642709104999.9,160043
2022-01-18,2554.75,2562.35,2515.75,2523.0,2521.8,728536491475000.0,158330
2022-01-19,2530.0,2542.0,2509.0,2521.4,2521.6,1135769626165000.0,153189
2022-01-20,2500.05,2509.95,2455.0,2482.1,2477.45,1888573385080000.0,251195
2022-01-21,2452.0,2502.25,2452.0,2476.05,2477.85,1524063143255000.0,236838
2022-01-24,2475.0,2504.75,2355.1,2379.9,2377.9,2440973584655000.0,399996
2022-01-25,2349.55,2388.65,2305.0,2368.1,2373.25,2651274378990000.0,482175
2022-01-27,2336.0,2356.1,2311.05,2347.0,2338.1,2156177976009999.8,315266
2022-01-28,2365.0,2375.9,2328.4,2336.0,2335.85,1589353641175000.0,255535
2022-01-31,2360.2,2406.4,2356.2,2384.05,2386.6,1338461277960000.0,268776
2022-02-01,2408.0,2420.6,2347.1,2382.8,2378.7,1458916962960000.0,227599
2022-02-02,2407.0,2407.0,2375.1,2385.0,2383.55,1102548420754999.9,153391
2022-02-03,2392.0,2401.45,2347.2,2348.45,2352.75,1045714300715000.0,236441
2022-02-04,2341.0,2348.45,2321.1,2330.5,2331.3,1191536572315000.0,230586
2022-02-07,2342.0,2356.8,2305.0,2319.4,2317.1,1152558739170000.0,243702
2022-02-08,2330.65,2360.0,2310.0,2357.5,2356.05,1301526081295000.0,186348
2022-02-09,2371.15,2387.2,2358.0,2384.0,2383.5,1257935509455000.0,180905
2022-02-10,2395.7,2395.7,2365.1,2376.95,2381.05,1370208654000000.0,210155
2022-02-11,2373.25,2384.5,2344.1,2372.55,2376.4,1742318671784999.8,283837
2022-02-14,2340.25,2354.95,2313.0,2332.0,2338.55,1156686766620000.0,219862
2022-02-15,2351.2,2423.9,2335.7,2415.1,2417.95,1232181414755000.0,261746
2022-02-16,2430.0,2433.0,2395.95,2407.65,2412.95,1159632556115000.0,190438
2022-02-17,2420.1,2454.9,2410.0,2441.0,2443.5,1447121258925000.0,211881
2022-02-18,2444.4,2456.4,2420.15,2427.3,2424.4,763036739975000.0,158691
2022-02-21,2412.0,2437.5,2384.6,2399.6,2399.9,1234907848455000.0,226214
2022-02-22,2352.9,2395.9,2347.15,2389.75,2389.0,1477358497100000.0,197401
2022-02-23,2401.1,2406.55,2368.0,2371.25,2374.05,806710225845000.0,195350
2022-02-24,2305.0,2339.9,2243.4,2250.0,2255.75,2627200823755000.0,493459
2022-02-25,2280.1,2307.95,2276.25,2283.0,2283.95,1540384418865000.0,281047
2022-02-28,2243.0,2367.35,2243.0,2355.0,2359.55,2288768356140000.0,240020
2022-03-02,2334.45,2401.0,2329.2,2399.25,2398.55,2355115761365000.0,309328
2022-03-03,2400.0,2414.85,2370.05,2382.0,2378.3,1124647634875000.0,230143
2022-03-04,2353.0,2364.3,2320.35,2327.95,2325.55,1166014935295000.0,219860
2022-03-07,2278.7,2312.1,2222.0,2240.05,2239.55,1873016816115000.2,372828
2022-03-08,2211.5,2246.0,2180.0,2235.05,2235.5,2181302186470000.0,428117
2022-03-09,2236.0,2367.0,2234.15,2358.3,2354.1,2182270647790000.2,325395
2022-03-10,2400.0,2405.0,2360.0,2387.0,2392.25,1980559925270000.0,278083
2022-03-11,2376.05,2411.0,2376.05,2393.15,2399.15,1355429081870000.0,199494
2022-03-14,2386.9,2424.4,2374.0,2422.2,2418.85,924399885425000.0,160500
2022-03-15,2427.95,2427.95,2340.85,2362.0,2363.45,1753713661195000.0,257511
2022-03-16,2382.0,2407.9,2377.1,2401.5,2403.35,1232985427930000.0,185464
2022-03-17,2432.75,2497.4,2415.1,2487.5,2481.7,2428729655040000.0,274442
2022-03-21,2444.0,2484.0,2439.0,2463.0,2467.4,1365150230515000.0,235063
2022-03-22,2460.1,2534.95,2453.6,2528.0,2531.15,2611275109155000.0,314410
2022-03-23,2523.0,2564.85,2523.0,2535.0,2539.2,1817147995625000.0,235853
2022-03-24,2510.0,2584.15,2510.0,2572.0,2578.65,1554411585020000.0,221309
2022-03-25,2582.5,2616.0,2577.0,2600.9,2595.85,1704360617105000.0,276908
2022-03-28,2610.0,2629.75,2586.5,2617.0,2621.95,1192209305605000.0,183261
2022-03-29,2638.0,2638.0,2607.4,2618.0,2622.55,1051219845570000.1,203830
2022-03-30,2639.9,2688.0,2617.1,2658.7,2672.95,1942001902930000.0,219316
2022-03-31,2664.95,2669.7,2628.6,2636.0,2634.75,1612346562540000.0,249443
2022-04-01,2636.0,2665.15,2622.0,2661.0,2655.85,965832502660000.0,163060
2022-04-04,2655.45,2675.0,2641.65,2660.65,2663.7,972705226029999.9,167593
2022-04-05,2651.1,2669.9,2620.7,2626.0,2626.05,1600246615210000.0,204933
2022-04-06,2587.1,2634.5,2587.1,2616.0,2619.05,1478438749360000.0,163311
2022-04-07,2595.1,2606.0,2567.0,2572.2,2572.85,1847334862745000.0,233582
2022-04-08,2560.0,2625.0,2560.0,2617.95,2615.65,1820144497680000.0,213226
2022-04-11,2600.0,2638.55,2583.0,2610.95,2610.2,1113168728525000.0,195602
2022-04-12,2587.0,2602.6,2555.4,2560.0,2561.05,1568413981100000.0,277354
2022-04-13,2574.5,2592.6,2545.5,2551.9,2551.65,1225815872300000.0,192467
2022-04-18,2533.0,2559.8,2521.8,2540.2,2543.85,1168444090545000.0,222881
2022-04-19,2558.0,2668.0,2551.05,2626.0,2640.8,3170955893780000.0,459863
2022-04-20,2657.1,2734.0,2649.1,2717.5,2718.45,3136492532930000.0,461685
2022-04-21,2750.9,2789.0,2732.0,2782.0,2782.1,2778622212430000.0,352010
2022-04-22,2758.9,2802.0,2744.2,2762.0,2758.8,1923448695300000.0,221036
2022-04-25,2742.4,2758.4,2663.65,2696.0,2695.0,2134980272425000.0,282246
2022-04-26,2710.0,2795.0,2707.7,2788.2,2775.65,1548728309685000.0,215190
2022-04-27,2755.85,2828.0,2755.05,2776.0,2778.35,2494493771260000.0,380463
2022-04-28,2809.95,2851.0,2786.1,2810.0,2819.85,3338110617520000.0,361970
2022-04-29,2856.15,2856.15,2777.3,2799.7,2790.25,2368543293345000.0,231044
2022-05-02,2762.0,2805.5,2758.05,2780.9,2780.45,1216026831990000.0,189251
2022-05-04,2785.0,2790.0,2676.3,2692.0,2693.65,2423248266245000.0,277638
2022-05-05,2723.5,2730.0,2632.0,2643.0,2640.9,2126909853905000.0,256514
2022-05-06,2612.2,2659.0,2593.55,2628.0,2620.65,2375828213290000.0,291431
2022-05-09,2574.95,2597.1,2507.0,2508.0,2518.3,2120421513734999.8,344258
2022-05-10,2495.0,2526.6,2458.0,2461.7,2474.65,2246784648075000.0,329083
2022-05-11,2472.65,2484.95,2421.95,2450.75,2449.3,1885176094905000.0,325039
2022-05-12,2427.5,2434.85,2370.0,2403.5,2399.4,2270075236695000.0,359540
2022-05-13,2426.0,2478.0,2415.35,2431.45,2426.6,2184679984940000.2,408746
2022-05-16,2434.45,2481.0,2416.65,2428.05,2427.2,1515841271425000.0,244925
2022-05-17,2435.1,2539.9,2432.0,2533.5,2529.15,1910452681440000.2,278980
2022-05-18,2539.65,2570.0,2508.25,2542.25,2538.35,2021911428345000.0,293806
2022-05-19,2484.0,2512.5,2466.05,2477.9,2479.85,1691935830820000.0,266213
2022-05-20,2512.5,2644.4,2502.0,2628.85,2624.45,2584080177220000.0,366921
2022-05-23,2631.5,2653.55,2593.0,2602.5,2606.9,1842779486095000.0,256879
2022-05-24,2607.0,2638.0,2597.7,2615.05,2615.85,1635326808150000.0,238049
2022-05-25,2635.0,2656.7,2601.5,2613.4,2612.0,1540768036040000.0,224077
2022-05-26,2624.4,2634.9,2548.0,2589.0,2587.1,2135185143970000.0,295460
2022-05-27,2593.05,2605.15,2540.1,2575.3,2575.1,1962729468795000.0,223459
2022-05-30,2615.0,2674.0,2594.2,2668.0,2664.8,1688208395005000.0,176733
2022-05-31,2641.4,2678.8,2615.7,2623.6,2632.65,8599389887000000.0,309551
2022-06-01,2634.3,2655.2,2616.2,2635.0,2633.5,1190354297355000.0,165071
2022-06-02,2634.0,2732.45,2634.0,2728.3,2724.3,2758410388740000.0,297958
2022-06-03,2744.0,2817.35,2742.0,2778.0,2779.5,3086144955690000.0,353834
2022-06-06,2780.0,2814.0,2751.8,2766.25,2767.55,1421059984975000.0,217253
2022-06-07,2769.9,2791.1,2752.05,2767.05,2772.75,1581548554385000.0,232290
2022-06-08,2772.75,2781.0,2716.3,2722.0,2724.05,1578629415130000.0,241691
2022-06-09,2710.0,2803.0,2710.0,2796.05,2798.75,2203889033409999.8,281501
2022-06-10,2771.9,2789.9,2701.5,2713.9,2714.25,2287894383630000.0,278759
2022-06-13,2650.0,2672.8,2616.3,2668.0,2662.9,2151966817950000.0,303540
2022-06-14,2650.05,2671.85,2613.45,2627.75,2628.1,1791014046965000.2,237522
2022-06-15,2617.55,2637.3,2584.4,2595.8,2596.3,1350270812515000.0,214934
2022-06-16,2623.0,2659.05,2554.0,2555.1,2560.0,2056017372370000.0,282387
2022-06-17,2560.0,2624.85,2556.1,2605.05,2590.0,2926063991430000.0,287827
2022-06-20,2605.0,2617.1,2521.1,2542.9,2543.05,1421698937165000.0,228914
2022-06-21,2560.0,2593.4,2528.3,2582.0,2584.1,1385982757620000.0,219641
2022-06-22,2558.1,2558.3,2501.0,2502.0,2505.6,1236807558125000.0,229961
2022-06-23,2515.05,2525.0,2445.0,2469.0,2464.95,2230649054905000.0,400081
2022-06-24,2480.0,2511.0,2468.0,2497.55,2500.05,1637690891220000.0,258066
2022-06-27,2544.95,2544.95,2481.55,2495.6,2492.65,1793810462825000.0,245447
2022-06-28,2482.1,2533.95,2482.1,2530.0,2527.7,1575833997700000.0,279432
2022-06-29,2507.2,2597.0,2501.0,2576.0,2580.15,2268229093535000.0,383990
2022-06-30,2580.0,2615.9,2566.0,2589.0,2595.65,2769179016990000.0,321110
2022-07-01,2574.9,2592.0,2365.0,2406.0,2408.7,9211999493180000.0,1165095
2022-07-04,2378.95,2442.0,2366.1,2413.0,2413.7,4659492982560000.0,525122
2022-07-05,2423.0,2464.9,2417.1,2431.55,2433.25,1987515817959999.8,351338
2022-07-06,2420.1,2441.95,2388.0,2415.0,2411.85,2663724872435000.0,392094
2022-07-07,2425.9,2433.25,2375.0,2391.0,2388.1,2572346211535000.0,388023
2022-07-08,2418.0,2418.0,2382.55,2391.0,2391.4,2100287243425000.0,310810
2022-07-11,2376.5,2428.8,2370.0,2421.5,2423.9,1534332084020000.0,224208
2022-07-12,2404.0,2439.7,2404.0,2418.8,2420.45,1206156123420000.0,203393
2022-07-13,2427.3,2434.0,2373.0,2379.0,2377.55,1574471803345000.0,263635
2022-07-14,2388.0,2433.95,2376.95,2399.0,2397.15,1878124373365000.2,257217
2022-07-15,2415.0,2415.0,2383.1,2401.15,2401.8,1062399555620000.1,137878
2022-07-18,2421.0,2425.0,2392.3,2423.0,2422.25,1684980602765000.0,212210
2022-07-19,2400.3,2447.0,2400.3,2433.0,2437.1,1843231436620000.0,213280
2022-07-20,2540.0,2542.5,2486.25,2499.0,2503.0,2767612958285000.0,325796
2022-07-21,2494.0,2500.0,2467.3,2486.0,2486.3,1893342805009999.8,197537
2022-07-22,2500.0,2516.3,2495.0,2502.95,2503.1,1267999486630000.0,172852
2022-07-25,2467.45,2467.45,2403.0,2417.4,2420.4,2583887073665000.0,450900
2022-07-26,2421.1,2443.9,2411.35,2419.4,2421.5,1268092721410000.0,188181
2022-07-27,2419.95,2427.0,2402.0,2422.0,2419.2,965045937479999.9,165700
2022-07-28,2436.0,2467.95,2421.0,2453.6,2457.1,1411014677635000.0,207490
2022-07-29,2474.7,2517.1,2464.0,2507.2,2509.45,1741722245545000.0,270354
2022-08-01,2519.15,2587.75,2507.6,2569.0,2574.85,1855203770909999.8,262991
2022-08-02,2572.5,2607.8,2561.55,2575.5,2584.65,1659499413395000.0,230608
2022-08-03,2600.0,2610.0,2567.45,2606.2,2606.35,1704082941565000.0,250247
2022-08-04,2610.0,2617.75,2535.0,2570.0,2571.9,1715390776265000.0,309213
2022-08-05,2576.0,2578.8,2526.95,2532.9,2534.0,1636540736590000.0,249464
2022-08-08,2531.0,2583.55,2531.0,2568.0,2567.15,1204441789715000.0,172002
2022-08-10,2576.9,2589.9,2557.05,2578.95,2582.5,1274100592130000.0,183157
2022-08-11,2603.1,2609.9,2580.2,2586.7,2591.1,981072222540000.0,171131
2022-08-12,2590.3,2641.35,2582.2,2632.0,2633.0,1533256332935000.0,256139
2022-08-16,2646.2,2657.3,2627.3,2656.0,2651.3,806079055315000.0,140058
2022-08-17,2665.0,2676.9,2655.55,2661.7,2665.15,811592255935000.0,121433
2022-08-18,2660.0,2669.0,2640.2,2662.0,2661.3,907745799804999.9,131393
2022-08-19,2650.0,2661.7,2604.95,2609.8,2613.85,1148974768460000.0,159356
2022-08-22,2617.0,2631.3,2586.0,2602.5,2606.6,1139334072350000.0,193858
2022-08-23,2594.0,2653.2,2591.35,2649.0,2646.8,1175004656020000.0,173321
2022-08-24,2640.1,2670.0,2635.35,2645.0,2639.75,1267675045645000.0,168584
2022-08-25,2648.95,2662.9,2622.6,2628.0,2632.05,962230085785000.0,133033
2022-08-26,2633.0,2650.0,2607.0,2623.0,2618.0,1299992910555000.0,191312
2022-08-29,2585.0,2655.0,2578.05,2600.0,2597.65,2393606809180000.0,326003
2022-08-30,2614.0,2645.25,2576.6,2642.0,2637.95,2792198135670000.0,285656
2022-09-01,2582.65,2604.95,2550.7,2564.0,2560.4,2370736282455000.0,346414
2022-09-02,2560.4,2575.35,2525.7,2527.95,2530.5,1527537854755000.0,266158
2022-09-05,2531.0,2581.5,2531.0,2567.15,2569.8,1340362218340000.0,189614
2022-09-06,2573.0,2606.0,2572.0,2594.0,2596.85,1304164617355000.0,174426
2022-09-07,2575.0,2594.9,2570.0,2580.5,2581.75,891960247135000.0,117855
2022-09-08,2588.25,2598.0,2571.0,2583.05,2585.4,841418823900000.0,116529
2022-09-09,2610.0,2610.0,2564.0,2568.9,2569.3,989137984279999.9,185947
2022-09-12,2570.55,2612.0,2570.55,2597.6,2598.05,890952715750000.0,123802
2022-09-13,2618.0,2629.7,2601.0,2619.0,2619.75,1073572221379999.9,155135
2022-09-14,2575.0,2610.0,2572.75,2589.15,2588.35,1039306592910000.0,156954
2022-09-15,2583.0,2603.55,2556.75,2563.0,2562.7,1231260261590000.0,181399
2022-09-16,2543.75,2553.0,2491.0,2498.0,2499.2,2341489272380000.0,311718
2022-09-19,2499.2,2522.7,2481.35,2502.4,2502.45,876731464700000.0,137901
2022-09-20,2522.45,2537.7,2494.7,2497.85,2502.85,977549610920000.1,178557
2022-09-21,2496.75,2533.0,2495.0,2507.7,2509.75,1068792843735000.0,146056
2022-09-22,2486.0,2503.0,2472.1,2487.95,2486.1,1183961195830000.0,207678
2022-09-23,2485.0,2495.95,2436.1,2438.8,2439.5,1079812135615000.0,246646
2022-09-26,2394.05,2417.8,2375.15,2378.15,2377.35,1377640175370000.0,334638
2022-09-27,2394.0,2426.0,2360.1,2394.0,2396.25,1782373848800000.0,295538
2022-09-28,2360.35,2378.0,2327.1,2330.5,2332.45,1846179185630000.0,387724
2022-09-29,2360.0,2367.5,2313.0,2328.0,2325.3,1580723411585000.0,288225
2022-09-30,2311.0,2402.0,2311.0,2376.15,2377.75,2037181019400000.0,264760
2022-10-03,2391.5,2416.95,2363.0,2367.05,2369.5,1302992333480000.0,230794
2022-10-04,2397.8,2418.0,2390.15,2412.9,2413.2,993955646220000.1,152496
2022-10-06,2429.0,2450.0,2418.15,2422.5,2422.1,1499648708150000.0,212103
2022-10-07,2414.65,2443.9,2414.65,2431.95,2432.35,865794013220000.1,119485
2022-10-10,2405.0,2417.6,2388.0,2407.0,2405.8,701992777465000.0,136725
2022-10-11,2414.0,2414.0,2351.1,2353.55,2357.9,1011249255510000.0,197213
2022-10-12,2352.0,2381.7,2343.1,2377.0,2375.25,810586129740000.0,158484
2022-10-13,2371.4,2394.0,2360.1,2381.0,2382.8,804773706920000.0,163282
2022-10-14,2415.0,2416.35,2369.1,2371.75,2370.7,1005482290425000.0,178804
2022-10-17,2355.0,2414.0,2343.6,2406.6,2408.75,1834491489000000.0,185379
2022-10-18,2422.0,2463.0,2420.15,2453.35,2451.25,1404020149740000.0,193197
2022-10-19,2454.5,2527.85,2441.7,2496.0,2493.9,2220206357930000.0,260623
2022-10-20,2485.0,2519.0,2485.0,2496.05,2500.6,1006819755285000.0,152697
2022-10-21,2507.7,2516.8,2467.0,2470.0,2471.6,947864825795000.1,164406
2022-10-24,2460.0,2502.5,2455.3,2480.8,2479.85,385986681815000.0,68811
2022-10-25,2499.0,2499.0,2438.0,2441.8,2441.55,1391862942780000.0,199350
2022-10-27,2458.0,2468.45,2432.8,2459.2,2451.15,1414136585620000.0,197403
2022-10-28,2465.0,2535.0,2459.45,2527.0,2526.15,2038324730520000.0,313227
2022-10-31,2541.0,2560.95,2532.2,2545.8,2549.6,1460631132010000.0,207585
2022-11-01,2600.0,2600.0,2508.0,2531.7,2529.85,1639199497590000.0,243797
2022-11-02,2532.3,2550.2,2515.0,2542.55,2545.65,1051037854240000.0,202520
2022-11-03,2529.85,2559.55,2525.05,2552.0,2555.15,786720942875000.0,122250
2022-11-04,2553.9,2600.0,2551.1,2594.2,2592.75,1498856889745000.0,172676
2022-11-07,2591.0,2610.3,2574.0,2604.0,2606.6,1412443075845000.0,195001
2022-11-09,2610.3,2621.95,2590.05,2593.7,2604.0,1355825121420000.0,166982
2022-11-10,2590.0,2596.55,2563.0,2572.35,2572.5,709256204010000.0,133955
2022-11-11,2600.0,2636.0,2588.0,2630.0,2631.8,1485388098955000.0,216539
2022-11-14,2630.75,2642.0,2605.15,2614.65,2619.05,1095206832150000.0,185791
2022-11-15,2622.3,2626.4,2590.0,2607.2,2607.3,851410048075000.0,157977
2022-11-16,2610.0,2615.95,2581.35,2592.95,2592.35,1166680729805000.0,145159
2022-11-17,2584.95,2613.0,2580.0,2598.95,2599.05,799179307785000.0,115328
2022-11-18,2606.75,2609.0,2571.1,2597.05,2597.65,633714984585000.0,104090
2022-11-21,2588.0,2588.0,2543.1,2548.0,2550.9,753874841735000.0,131742
2022-11-22,2545.0,2568.5,2536.5,2564.9,2565.05,780173658100000.0,138342
2022-11-23,2575.0,2577.9,2552.25,2557.5,2557.05,758066069890000.0,121346
2022-11-24,2566.0,2594.0,2548.2,2588.0,2579.1,1111084257385000.0,154377
2022-11-25,2589.0,2624.9,2582.1,2612.75,2617.6,883733195329999.9,128621
2022-11-28,2608.9,2721.05,2502.0,2706.0,2707.55,3908195319185000.0,322273
2022-11-29,2703.95,2731.65,2694.0,2708.35,2712.2,1384713635665000.0,217704
2022-11-30,2712.5,2745.45,2698.2,2733.05,2731.35,3292998886700000.0,276976
2022-12-01,2741.8,2755.0,2716.0,2725.25,2723.3,1199020963560000.0,177158
2022-12-02,2730.0,2748.0,2700.6,2727.0,2722.15,1457501722775000.0,204222
2022-12-05,2712.0,2716.75,2678.0,2682.0,2682.45,1843966815805000.0,227194
2022-12-06,2665.1,2697.0,2661.0,2689.45,2690.2,1065199975279999.9,156158
2022-12-07,2685.0,2695.0,2642.15,2647.0,2650.5,1040873925140000.0,158784
2022-12-08,2660.0,2665.0,2640.1,2649.0,2649.25,949298848854999.9,144130
2022-12-09,2646.0,2660.0,2601.85,2609.5,2609.1,1534648852800000.0,172574
2022-12-12,2585.5,2623.0,2585.0,2617.0,2613.1,1140650890060000.0,151760
2022-12-13,2613.1,2633.0,2606.7,2622.0,2625.0,1008394025345000.1,136575
2022-12-14,2637.65,2638.95,2611.0,2613.5,2615.5,879193926160000.0,149123
2022-12-15,2602.5,2615.0,2571.0,2580.0,2578.35,1038826166465000.0,175220
2022-12-16,2571.0,2618.8,2558.15,2567.9,2565.6,1888236767609999.8,216883
2022-12-19,2581.0,2604.0,2566.7,2603.0,2599.3,921431951975000.0,174281
2022-12-20,2583.9,2626.0,2566.0,2619.95,2621.8,894242088685000.0,165894
2022-12-21,2621.0,2633.0,2576.1,2583.2,2584.5,1023688938075000.0,142775
2022-12-22,2598.0,2604.65,2566.75,2577.0,2577.8,888058106590000.0,149770
2022-12-23,2563.3,2590.5,2492.25,2508.5,2502.2,1202358810545000.0,231798
2022-12-26,2514.75,2542.0,2492.4,2525.0,2524.05,697705926530000.0,117927
2022-12-27,2530.0,2548.8,2515.25,2542.7,2544.7,674145265005000.0,138609
2022-12-28,2538.0,2549.8,2521.5,2542.0,2544.45,873597936575000.0,158888
2022-12-29,2527.0,2548.9,2525.5,2544.95,2543.3,811414468025000.0,124496
2022-12-30,2545.1,2577.0,2541.1,2547.0,2547.2,861116385775000.0,147642
2023-01-02,2550.0,2579.0,2548.2,2577.9,2575.9,629221076205000.0,97175
2023-01-03,2565.05,2573.0,2547.8,2555.8,2557.05,904319929070000.1,135268
2023-01-04,2557.0,2561.05,2514.0,2516.65,2518.55,1081639950215000.0,182754
2023-01-05,2523.5,2536.4,2504.0,2521.8,2514.05,1583763974430000.0,197434
2023-01-06,2526.65,2547.95,2518.3,2537.0,2536.9,742812509115000.0,157118
2023-01-09,2545.3,2602.0,2543.35,2594.0,2596.8,1277962841965000.0,254220
2023-01-10,2606.0,2606.0,2546.0,2561.95,2558.4,953999186854999.9,234537
2023-01-11,2552.5,2558.0,2521.1,2525.0,2526.15,1345916495245000.0,208828
2023-01-12,2524.85,2532.5,2465.0,2475.0,2471.6,2030627247625000.0,340401
2023-01-13,2458.4,2472.9,2434.6,2467.9,2467.6,2335829257235000.0,328122
2023-01-16,2472.7,2479.65,2427.0,2444.5,2444.1,1537332563855000.0,174901
2023-01-17,2458.0,2483.0,2450.6,2478.4,2478.8,1223965026285000.0,205841
2023-01-18,2473.5,2491.1,2460.35,2474.7,2474.7,1537223674905000.0,185546
2023-01-19,2472.9,2481.15,2456.65,2469.0,2472.05,1362389893980000.0,153940
2023-01-20,2475.0,2475.0,2437.25,2443.0,2442.65,1689762905585000.0,229958
2023-01-23,2449.0,2466.2,2425.0,2428.0,2430.3,1233671012665000.0,218454
2023-01-24,2440.0,2443.65,2387.35,2413.0,2415.95,1837164466134999.8,232964
2023-01-25,2412.45,2414.7,2380.0,2384.0,2382.55,1367473413305000.0,334425
2023-01-27,2384.4,2387.35,2311.65,2339.0,2337.35,2786693705240000.0,456285
2023-01-30,2331.7,2371.9,2301.0,2363.55,2359.75,2352100814460000.0,312077
2023-01-31,2382.0,2387.65,2341.0,2356.65,2353.85,2465638433705000.0,348674
2023-02-01,2379.95,2379.95,2305.0,2340.0,2339.9,2099522970430000.0,312582
2023-02-02,2318.0,2348.0,2311.0,2325.0,2326.95,1465932146440000.0,275957
2023-02-03,2349.0,2349.0,2293.0,2330.0,2329.0,2643251009495000.0,406488
2023-02-06,2315.0,2321.0,2305.8,2312.9,2311.45,1583131849545000.0,293805
2023-02-07,2312.0,2327.4,2293.0,2304.3,2305.9,1615122552020000.0,281342
2023-02-08,2313.0,2359.9,2307.0,2349.65,2351.95,2289982266210000.0,283018
2023-02-09,2353.45,2370.85,2334.0,2353.6,2356.05,1431600570525000.0,264097
2023-02-10,2354.9,2354.9,2321.3,2336.5,2336.65,1161172420905000.0,188258
2023-02-13,2340.2,2350.0,2313.55,2324.6,2323.35,1110088121990000.0,151763
2023-02-14,2329.95,2381.9,2323.65,2380.0,2378.1,1563542022795000.0,227277
2023-02-15,2376.0,2437.2,2373.0,2435.05,2431.95,3737992125585000.0,338567
2023-02-16,2449.45,2463.8,2425.05,2427.5,2430.05,1948331495780000.0,320609
2023-02-17,2420.0,2447.5,2410.6,2438.0,2440.2,1326098098085000.0,172321
2023-02-20,2445.0,2449.75,2410.1,2414.7,2414.4,990841647429999.9,169244
2023-02-21,2424.0,2446.8,2412.35,2435.2,2434.1,1491645865290000.0,190616
2023-02-22,2425.95,2430.0,2375.05,2377.0,2378.9,1218888823670000.0,204778
2023-02-23,2378.0,2394.75,2361.35,2366.5,2367.5,1080783396395000.1,176202
2023-02-24,2372.0,2396.15,2368.0,2387.9,2383.7,1036879653940000.0,157064
